Shortname,Name,Paper,Test Temperature C,Aging Temperature C,Hardness HV,Index,Co,Ni,Al,Cr,W,Ti,Ta,Nb,V,Mo,C,Zr,B,Ir,Re,Si,Fe,Y,Hf,Ge,Mn,Sc,Ru,Ce,Nd
Co-30.Ni-10.Al-0.5W-2.Ti-2.Ta-4.5Mo,Co–30Ni–4.5Mo– 10Al–2Ta–2Ti–0.5W,"Baler, N., Pandey, P., Palanisamy, D., Makineni, S. K., Phanikumar, G., & Chattopadhyay, K. (2020). On the effect of W addition on microstructural evolution and ?? precipitate coarsening in a Co–30Ni–10Al–5Mo–2Ta–2Ti alloy. Materialia, 10. https://doi.org/10.1016/j.mtla.2020.100633",25,900,383,3,51,30,10,0,0.5,2,2,0,0,4.5,0,0,0,0,0,0,0,0,0,0,0,0,0,0,0
Co-30.Ni-10.Al-2.Ti-2.Ta-5.Mo,Co–30Ni–5Mo– 10Al–2Ta–2Ti–0W,"Baler, N., Pandey, P., Palanisamy, D., Makineni, S. K., Phanikumar, G., & Chattopadhyay, K. (2020). On the effect of W addition on microstructural evolution and ?? precipitate coarsening in a Co–30Ni–10Al–5Mo–2Ta–2Ti alloy. Materialia, 10. https://doi.org/10.1016/j.mtla.2020.100632",25,900,375,2,51,30,10,0,0,2,2,0,0,5,0,0,0,0,0,0,0,0,0,0,0,0,0,0,0
Co-30.Ni-10.Al-2.W-2.Ti-2.Ta-3.Mo,Co–30Ni–3Mo– 10Al–2Ta–2Ti–2W,"Baler, N., Pandey, P., Palanisamy, D., Makineni, S. K., Phanikumar, G., & Chattopadhyay, K. (2020). On the effect of W addition on microstructural evolution and ?? precipitate coarsening in a Co–30Ni–10Al–5Mo–2Ta–2Ti alloy. Materialia, 10. https://doi.org/10.1016/j.mtla.2020.100636",25,900,374,6,51,30,10,0,2,2,2,0,0,3,0,0,0,0,0,0,0,0,0,0,0,0,0,0,0
Co-30.Ni-10.Al-1.5W-2.Ti-2.Ta-3.5Mo,Co–30Ni–3.5Mo– 10Al–2Ta–2Ti–1.5W,"Baler, N., Pandey, P., Palanisamy, D., Makineni, S. K., Phanikumar, G., & Chattopadhyay, K. (2020). On the effect of W addition on microstructural evolution and ?? precipitate coarsening in a Co–30Ni–10Al–5Mo–2Ta–2Ti alloy. Materialia, 10. https://doi.org/10.1016/j.mtla.2020.100635",25,900,370,5,51,30,10,0,1.5,2,2,0,0,3.5,0,0,0,0,0,0,0,0,0,0,0,0,0,0,0
Co-30.Ni-10.Al-1.W-2.Ti-2.Ta-4.Mo,Co–30Ni–4Mo– 10Al–2Ta–2Ti–1W,"Baler, N., Pandey, P., Palanisamy, D., Makineni, S. K., Phanikumar, G., & Chattopadhyay, K. (2020). On the effect of W addition on microstructural evolution and ?? precipitate coarsening in a Co–30Ni–10Al–5Mo–2Ta–2Ti alloy. Materialia, 10. https://doi.org/10.1016/j.mtla.2020.100634",25,900,366,4,51,30,10,0,1,2,2,0,0,4,0,0,0,0,0,0,0,0,0,0,0,0,0,0,0
Co-8.9Al-7.3W,Co-8.9Al-7.3W,"Bocchini, P. J. (2015). Microstructure and Mechanical Properties in Gamma(face-centered cubic) + Gamma Prime(L1 2 ) Precipitation-Strengthened Cobalt-based Superalloys.",25,650,421.1277659,66,83.8,0,8.9,0,7.3,0,0,0,0,0,0,0,0,0,0,0,0,0,0,0,0,0,0,0,0
Co-8.9Al-7.3W,Co-8.9Al-7.3W,"Bocchini, P. J. (2015). Microstructure and Mechanical Properties in Gamma(face-centered cubic) + Gamma Prime(L1 2 ) Precipitation-Strengthened Cobalt-based Superalloys.",25,750,440.5016825,66,83.8,0,8.9,0,7.3,0,0,0,0,0,0,0,0,0,0,0,0,0,0,0,0,0,0,0,0
Co-9.5Al-7.7W-0.03Zr-0.01B,Co-9.5Al-7.5W-0.05B-0.05Zr,"Bocchini, P. J. (2015). Microstructure and Mechanical Properties in Gamma(face-centered cubic) + Gamma Prime(L1 2 ) Precipitation-Strengthened Cobalt-based Superalloys.",25,900,312.5420618,76,82.7771,0,9.53,0,7.66,0,0,0,0,0,0,0.0275,0.0054,0,0,0,0,0,0,0,0,0,0,0,0
Co-9.9Al-7.6W-0.01B,Co-9.5Al-7.5W-0.01B,"Bocchini, P. J. (2015). Microstructure and Mechanical Properties in Gamma(face-centered cubic) + Gamma Prime(L1 2 ) Precipitation-Strengthened Cobalt-based Superalloys.",25,900,308.7488529,74,82.5008,0,9.85,0,7.64,0,0,0,0,0,0,0,0.0092,0,0,0,0,0,0,0,0,0,0,0,0
Co-9.6Al-7.4W-0.04Zr,Co-9.5Al-7.5W-0.05Zr,"Bocchini, P. J. (2015). Microstructure and Mechanical Properties in Gamma(face-centered cubic) + Gamma Prime(L1 2 ) Precipitation-Strengthened Cobalt-based Superalloys.",25,900,300.2141328,75,82.985,0,9.58,0,7.4,0,0,0,0,0,0,0.035,0,0,0,0,0,0,0,0,0,0,0,0,0
Co-9.5Al-7.5W,Co-9.5Al-7.5W,"Bocchini, P. J. (2015). Microstructure and Mechanical Properties in Gamma(face-centered cubic) + Gamma Prime(L1 2 ) Precipitation-Strengthened Cobalt-based Superalloys.",25,900,296.8899765,72,83.06,0,9.49,0,7.45,0,0,0,0,0,0,0,0,0,0,0,0,0,0,0,0,0,0,0,0
Co-9.6Al-7.5W-0.04B,Co-9.5Al-7.5W-0.05B,"Bocchini, P. J. (2015). Microstructure and Mechanical Properties in Gamma(face-centered cubic) + Gamma Prime(L1 2 ) Precipitation-Strengthened Cobalt-based Superalloys.",25,900,294.9933721,73,82.9015,0,9.56,0,7.5,0,0,0,0,0,0,0,0.0385,0,0,0,0,0,0,0,0,0,0,0,0
Co-10.1Ni-5.2Al-6.7W-6.4Ti,10Ni-6Al-6W-6Ti,"Bocchini, P. J. (2015). Microstructure and Mechanical Properties in Gamma(face-centered cubic) + Gamma Prime(L1 2 ) Precipitation-Strengthened Cobalt-based Superalloys.",25,900,292.7398797,65,71.6,10.1,5.2,0,6.7,6.4,0,0,0,0,0,0,0,0,0,0,0,0,0,0,0,0,0,0,0
Co-10.1Ni-5.7Al-3.9W-6.2Ti,10Ni-6Al-4W-6Ti,"Bocchini, P. J. (2015). Microstructure and Mechanical Properties in Gamma(face-centered cubic) + Gamma Prime(L1 2 ) Precipitation-Strengthened Cobalt-based Superalloys.",25,900,269.9194453,78,74.1,10.1,5.7,0,3.9,6.2,0,0,0,0,0,0,0,0,0,0,0,0,0,0,0,0,0,0,0
Co-10.Ni-5.9Al-2.W-6.1Ti,10Ni-6Al-2W-6Ti,"Bocchini, P. J. (2015). Microstructure and Mechanical Properties in Gamma(face-centered cubic) + Gamma Prime(L1 2 ) Precipitation-Strengthened Cobalt-based Superalloys.",25,900,210.410931,79,76,10,5.9,0,2,6.1,0,0,0,0,0,0,0,0,0,0,0,0,0,0,0,0,0,0,0
Co-10.Ni-5.8Al-6.2Ti,10Ni-6Al-0W-6Ti,"Bocchini, P. J. (2015). Microstructure and Mechanical Properties in Gamma(face-centered cubic) + Gamma Prime(L1 2 ) Precipitation-Strengthened Cobalt-based Superalloys.",25,900,173.5698991,77,78,10,5.8,0,0,6.2,0,0,0,0,0,0,0,0,0,0,0,0,0,0,0,0,0,0,0
Co-10.1Ni-5.2Al-6.7W-6.4Ti,10Ni-6Al-6W-6Ti,"Bocchini, P. J. (2015). Microstructure and Mechanical Properties in Gamma(face-centered cubic) + Gamma Prime(L1 2 ) Precipitation-Strengthened Cobalt-based Superalloys.",25,1000,272.9988784,65,71.6,10.1,5.2,0,6.7,6.4,0,0,0,0,0,0,0,0,0,0,0,0,0,0,0,0,0,0,0
Co-10.1Ni-5.7Al-3.9W-6.2Ti,10Ni-6Al-4W-6Ti,"Bocchini, P. J. (2015). Microstructure and Mechanical Properties in Gamma(face-centered cubic) + Gamma Prime(L1 2 ) Precipitation-Strengthened Cobalt-based Superalloys.",25,1000,252.19741,78,74.1,10.1,5.7,0,3.9,6.2,0,0,0,0,0,0,0,0,0,0,0,0,0,0,0,0,0,0,0
Co-10.Ni-5.9Al-2.W-6.1Ti,10Ni-6Al-2W-6Ti,"Bocchini, P. J. (2015). Microstructure and Mechanical Properties in Gamma(face-centered cubic) + Gamma Prime(L1 2 ) Precipitation-Strengthened Cobalt-based Superalloys.",25,1000,243.3159988,79,76,10,5.9,0,2,6.1,0,0,0,0,0,0,0,0,0,0,0,0,0,0,0,0,0,0,0
Co-10.Ni-5.8Al-6.2Ti,10Ni-6Al-0W-6Ti,"Bocchini, P. J. (2015). Microstructure and Mechanical Properties in Gamma(face-centered cubic) + Gamma Prime(L1 2 ) Precipitation-Strengthened Cobalt-based Superalloys.",25,1000,202.2330988,77,78,10,5.8,0,0,6.2,0,0,0,0,0,0,0,0,0,0,0,0,0,0,0,0,0,0,0
Co-10.3Ni-6.3Al-7.W-4.1Ti,10Ni-7A-7W-4Ti,"Bocchini, P. J. (2015). Microstructure and Mechanical Properties in Gamma(face-centered cubic) + Gamma Prime(L1 2 ) Precipitation-Strengthened Cobalt-based Superalloys. AND Dunand, D. C. et al. ‘Designing Nanoscale Precipitates in Novel Cobalt-based Superalloys to Improve Creep Resistance and Operating Temperature’ Final Technical Report. (2010).",25,1000,306.923626,69,72.3,10.3,6.3,0,7,4.1,0,0,0,0,0,0,0,0,0,0,0,0,0,0,0,0,0,0,0
Co-10.2Ni-7.3Al-8.W-2.2Ti,10Ni-8A-8W-2Ti,"Bocchini, P. J. (2015). Microstructure and Mechanical Properties in Gamma(face-centered cubic) + Gamma Prime(L1 2 ) Precipitation-Strengthened Cobalt-based Superalloys. AND Dunand, D. C. et al. ‘Designing Nanoscale Precipitates in Novel Cobalt-based Superalloys to Improve Creep Resistance and Operating Temperature’ Final Technical Report. (2010).",25,1000,302.8449067,70,72.3,10.2,7.3,0,8,2.2,0,0,0,0,0,0,0,0,0,0,0,0,0,0,0,0,0,0,0
Co-10.Ni-4.5Al-5.2W-7.8Ti,10Ni-5A-5W-8Ti,"Bocchini, P. J. (2015). Microstructure and Mechanical Properties in Gamma(face-centered cubic) + Gamma Prime(L1 2 ) Precipitation-Strengthened Cobalt-based Superalloys. AND Dunand, D. C. et al. ‘Designing Nanoscale Precipitates in Novel Cobalt-based Superalloys to Improve Creep Resistance and Operating Temperature’ Final Technical Report. (2010).",25,1000,317.1204242,67,72.5,10,4.5,0,5.2,7.8,0,0,0,0,0,0,0,0,0,0,0,0,0,0,0,0,0,0,0
Co-10.2Ni-5.4Al-6.1W-5.9Ti,10Ni-6A-6W-6Ti,"Bocchini, P. J. (2015). Microstructure and Mechanical Properties in Gamma(face-centered cubic) + Gamma Prime(L1 2 ) Precipitation-Strengthened Cobalt-based Superalloys. AND Dunand, D. C. et al. ‘Designing Nanoscale Precipitates in Novel Cobalt-based Superalloys to Improve Creep Resistance and Operating Temperature’ Final Technical Report. (2010).",25,1000,301.8252269,68,72.4,10.2,5.4,0,6.1,5.9,0,0,0,0,0,0,0,0,0,0,0,0,0,0,0,0,0,0,0
Co-10.2Ni-8.1Al-8.9W-0.Ti,10Ni-9A-9W-0Ti,"Bocchini, P. J. (2015). Microstructure and Mechanical Properties in Gamma(face-centered cubic) + Gamma Prime(L1 2 ) Precipitation-Strengthened Cobalt-based Superalloys. AND Dunand, D. C. et al. ‘Designing Nanoscale Precipitates in Novel Cobalt-based Superalloys to Improve Creep Resistance and Operating Temperature’ Final Technical Report. (2010).",25,1000,253.9002753,71,72.8,10.2,8.1,0,8.9,0,0,0,0,0,0,0,0,0,0,0,0,0,0,0,0,0,0,0,0
Co-11.7Al-14.W-0.5Ti-0.4Ta,Co-2T/Ta-quinary,"Casas, R., Gálvez, F., & Campos, M. (2018). Microstructural development of powder metallurgy cobalt-based superalloys processed by field assisted sintering techniques (FAST). Materials Science and Engineering A, 724, 461–468. https://doi.org/10.1016/j.msea.2018.04.005",25,900,762.7205058,84,73.4,0,11.7,0,14.01,0.48,0.41,0,0,0,0,0,0,0,0,0,0,0,0,0,0,0,0,0,0
Co-8.4Al-12.1W,CoAlW-ternary,"Casas, R., Gálvez, F., & Campos, M. (2018). Microstructural development of powder metallurgy cobalt-based superalloys processed by field assisted sintering techniques (FAST). Materials Science and Engineering A, 724, 461–468. https://doi.org/10.1016/j.msea.2018.04.004",25,900,696.4413174,85,79.57,0,8.35,0,12.08,0,0,0,0,0,0,0,0,0,0,0,0,0,0,0,0,0,0,0,0
Co-15.Ni-9.Al-10.W,Co-9Al-10W-15Ni,"Che, C., Yang, S., Wei, M., Zhang, L., Li, Q., Gao, J., & Du, Y. (2017). Microstructure, hardness and interfacial energy in Co-9Al-10W-Xni (X=15, 25, 35 At. %) alloys during aging. Journal of Mining and Metallurgy, Section B: Metallurgy, 53(3), 303–308. https://doi.org/10.2298/JMMB170531021C",25,950,400,86,66,15,9,0,10,0,0,0,0,0,0,0,0,0,0,0,0,0,0,0,0,0,0,0,0
Co-25.Ni-9.Al-10.W,Co-9Al-10W-25Ni,"Che, C., Yang, S., Wei, M., Zhang, L., Li, Q., Gao, J., & Du, Y. (2017). Microstructure, hardness and interfacial energy in Co-9Al-10W-Xni (X=15, 25, 35 At. %) alloys during aging. Journal of Mining and Metallurgy, Section B: Metallurgy, 53(3), 303–308. https://doi.org/10.2298/JMMB170531021C",25,950,377,87,56,25,9,0,10,0,0,0,0,0,0,0,0,0,0,0,0,0,0,0,0,0,0,0,0
Co-15.Ni-9.Al-10.W,Co-9Al-10W-15Ni,"Che, C., Yang, S., Wei, M., Zhang, L., Li, Q., Gao, J., & Du, Y. (2017). Microstructure, hardness and interfacial energy in Co-9Al-10W-Xni (X=15, 25, 35 At. %) alloys during aging. Journal of Mining and Metallurgy, Section B: Metallurgy, 53(3), 303–308. https://doi.org/10.2298/JMMB170531021C",25,850,355,86,66,15,9,0,10,0,0,0,0,0,0,0,0,0,0,0,0,0,0,0,0,0,0,0,0
Co-35.Ni-9.Al-10.W,Co-9Al-10W-35Ni,"Che, C., Yang, S., Wei, M., Zhang, L., Li, Q., Gao, J., & Du, Y. (2017). Microstructure, hardness and interfacial energy in Co-9Al-10W-Xni (X=15, 25, 35 At. %) alloys during aging. Journal of Mining and Metallurgy, Section B: Metallurgy, 53(3), 303–308. https://doi.org/10.2298/JMMB170531021C",25,950,355,88,46,35,9,0,10,0,0,0,0,0,0,0,0,0,0,0,0,0,0,0,0,0,0,0,0
Co-25.Ni-9.Al-10.W,Co-9Al-10W-25Ni,"Che, C., Yang, S., Wei, M., Zhang, L., Li, Q., Gao, J., & Du, Y. (2017). Microstructure, hardness and interfacial energy in Co-9Al-10W-Xni (X=15, 25, 35 At. %) alloys during aging. Journal of Mining and Metallurgy, Section B: Metallurgy, 53(3), 303–308. https://doi.org/10.2298/JMMB170531021C",25,850,346,87,56,25,9,0,10,0,0,0,0,0,0,0,0,0,0,0,0,0,0,0,0,0,0,0,0
Co-35.Ni-9.Al-10.W,Co-9Al-10W-35Ni,"Che, C., Yang, S., Wei, M., Zhang, L., Li, Q., Gao, J., & Du, Y. (2017). Microstructure, hardness and interfacial energy in Co-9Al-10W-Xni (X=15, 25, 35 At. %) alloys during aging. Journal of Mining and Metallurgy, Section B: Metallurgy, 53(3), 303–308. https://doi.org/10.2298/JMMB170531021C",25,850,319,88,46,35,9,0,10,0,0,0,0,0,0,0,0,0,0,0,0,0,0,0,0,0,0,0,0
Co-58.3Ni-3.2Al-10.8Cr-8.2Ti,103a,"Christofidou, K. A. et al. The microstructure and hardness of Ni-Co-Al-Ti-Cr quinary alloys. J. Alloys Compd. (2016) doi:10.1016/j.jallcom.2016.07.159.",25,50,545,128,19.5,58.3,3.2,10.8,0,8.2,0,0,0,0,0,0,0,0,0,0,0,0,0,0,0,0,0,0,0
Co-54.3Ni-4.3Al-15.7Cr-7.7Ti,153a,"Christofidou, K. A. et al. The microstructure and hardness of Ni-Co-Al-Ti-Cr quinary alloys. J. Alloys Compd. (2016) doi:10.1016/j.jallcom.2016.07.159.",25,50,457,135,18,54.3,4.3,15.7,0,7.7,0,0,0,0,0,0,0,0,0,0,0,0,0,0,0,0,0,0,0
Co-39.8Ni-2.8Al-10.8Cr-7.6Ti,102a,"Christofidou, K. A. et al. The microstructure and hardness of Ni-Co-Al-Ti-Cr quinary alloys. J. Alloys Compd. (2016) doi:10.1016/j.jallcom.2016.07.159.",25,50,450,136,39,39.8,2.8,10.8,0,7.6,0,0,0,0,0,0,0,0,0,0,0,0,0,0,0,0,0,0,0
Co-27.2Ni-3.1Al-10.9Cr-8.1Ti,101a,"Christofidou, K. A. et al. The microstructure and hardness of Ni-Co-Al-Ti-Cr quinary alloys. J. Alloys Compd. (2016) doi:10.1016/j.jallcom.2016.07.159.",25,50,445,129,50.7,27.2,3.1,10.9,0,8.1,0,0,0,0,0,0,0,0,0,0,0,0,0,0,0,0,0,0,0
Co-37.1Ni-3.1Al-16.3Cr-7.9Ti,152a,"Christofidou, K. A. et al. The microstructure and hardness of Ni-Co-Al-Ti-Cr quinary alloys. J. Alloys Compd. (2016) doi:10.1016/j.jallcom.2016.07.159.",25,50,444,131,35.6,37.1,3.1,16.3,0,7.9,0,0,0,0,0,0,0,0,0,0,0,0,0,0,0,0,0,0,0
Co-50.7Ni-2.7Al-21.9Cr-7.9Ti,203a,"Christofidou, K. A. et al. The microstructure and hardness of Ni-Co-Al-Ti-Cr quinary alloys. J. Alloys Compd. (2016) doi:10.1016/j.jallcom.2016.07.159.",25,50,427,133,16.8,50.7,2.7,21.9,0,7.9,0,0,0,0,0,0,0,0,0,0,0,0,0,0,0,0,0,0,0
Co-34.2Ni-3.6Al-21.5Cr-8.1Ti,202a,"Christofidou, K. A. et al. The microstructure and hardness of Ni-Co-Al-Ti-Cr quinary alloys. J. Alloys Compd. (2016) doi:10.1016/j.jallcom.2016.07.159.",25,50,422,130,32.6,34.2,3.6,21.5,0,8.1,0,0,0,0,0,0,0,0,0,0,0,0,0,0,0,0,0,0,0
Co-59.5Ni-4.5Al-10.9Cr-5.6Ti,103b,"Christofidou, K. A. et al. The microstructure and hardness of Ni-Co-Al-Ti-Cr quinary alloys. J. Alloys Compd. (2016) doi:10.1016/j.jallcom.2016.07.159.",25,50,406,137,19.5,59.5,4.5,10.9,0,5.6,0,0,0,0,0,0,0,0,0,0,0,0,0,0,0,0,0,0,0
Co-39.2Ni-5.9Al-10.5Cr-5.3Ti,102b,"Christofidou, K. A. et al. The microstructure and hardness of Ni-Co-Al-Ti-Cr quinary alloys. J. Alloys Compd. (2016) doi:10.1016/j.jallcom.2016.07.159.",25,50,404,140,39.1,39.2,5.9,10.5,0,5.3,0,0,0,0,0,0,0,0,0,0,0,0,0,0,0,0,0,0,0
Co-36.8Ni-5.4Al-16.1Cr-5.2Ti,152b,"Christofidou, K. A. et al. The microstructure and hardness of Ni-Co-Al-Ti-Cr quinary alloys. J. Alloys Compd. (2016) doi:10.1016/j.jallcom.2016.07.159.",25,50,403,143,36.5,36.8,5.4,16.1,0,5.2,0,0,0,0,0,0,0,0,0,0,0,0,0,0,0,0,0,0,0
Co-54.9Ni-5.6Al-15.9Cr-5.3Ti,153b,"Christofidou, K. A. et al. The microstructure and hardness of Ni-Co-Al-Ti-Cr quinary alloys. J. Alloys Compd. (2016) doi:10.1016/j.jallcom.2016.07.159.",25,50,398,141,18.3,54.9,5.6,15.9,0,5.3,0,0,0,0,0,0,0,0,0,0,0,0,0,0,0,0,0,0,0
Co-18.3Ni-3.Al-16.2Cr-7.8Ti,151a,"Christofidou, K. A. et al. The microstructure and hardness of Ni-Co-Al-Ti-Cr quinary alloys. J. Alloys Compd. (2016) doi:10.1016/j.jallcom.2016.07.159.",25,50,393,134,54.7,18.3,3,16.2,0,7.8,0,0,0,0,0,0,0,0,0,0,0,0,0,0,0,0,0,0,0
Co-51.2Ni-6.Al-12.6Cr-5.5Ti,203b,"Christofidou, K. A. et al. The microstructure and hardness of Ni-Co-Al-Ti-Cr quinary alloys. J. Alloys Compd. (2016) doi:10.1016/j.jallcom.2016.07.159.",25,50,386,138,24.7,51.2,6,12.6,0,5.5,0,0,0,0,0,0,0,0,0,0,0,0,0,0,0,0,0,0,0
Co-34.Ni-8.2Al-21.6Cr-2.7Ti,202c,"Christofidou, K. A. et al. The microstructure and hardness of Ni-Co-Al-Ti-Cr quinary alloys. J. Alloys Compd. (2016) doi:10.1016/j.jallcom.2016.07.159.",25,50,368,150,33.5,34,8.2,21.6,0,2.7,0,0,0,0,0,0,0,0,0,0,0,0,0,0,0,0,0,0,0
Co-17.3Ni-3.1Al-12.5Cr-7.9Ti,201a,"Christofidou, K. A. et al. The microstructure and hardness of Ni-Co-Al-Ti-Cr quinary alloys. J. Alloys Compd. (2016) doi:10.1016/j.jallcom.2016.07.159.",25,50,367,132,59.2,17.3,3.1,12.5,0,7.9,0,0,0,0,0,0,0,0,0,0,0,0,0,0,0,0,0,0,0
Co-54.8Ni-8.Al-16.1Cr-2.7Ti,153c,"Christofidou, K. A. et al. The microstructure and hardness of Ni-Co-Al-Ti-Cr quinary alloys. J. Alloys Compd. (2016) doi:10.1016/j.jallcom.2016.07.159.",25,50,349,149,18.4,54.8,8,16.1,0,2.7,0,0,0,0,0,0,0,0,0,0,0,0,0,0,0,0,0,0,0
Co-58.4Ni-8.6Al-10.7Cr-2.7Ti,103c,"Christofidou, K. A. et al. The microstructure and hardness of Ni-Co-Al-Ti-Cr quinary alloys. J. Alloys Compd. (2016) doi:10.1016/j.jallcom.2016.07.159.",25,50,347,146,19.6,58.4,8.6,10.7,0,2.7,0,0,0,0,0,0,0,0,0,0,0,0,0,0,0,0,0,0,0
Co-39.7Ni-7.5Al-10.8Cr-2.6Ti,102c,"Christofidou, K. A. et al. The microstructure and hardness of Ni-Co-Al-Ti-Cr quinary alloys. J. Alloys Compd. (2016) doi:10.1016/j.jallcom.2016.07.159.",25,50,334,152,39.4,39.7,7.5,10.8,0,2.6,0,0,0,0,0,0,0,0,0,0,0,0,0,0,0,0,0,0,0
Co-18.3Ni-5.Al-16.1Cr-5.2Ti,151b,"Christofidou, K. A. et al. The microstructure and hardness of Ni-Co-Al-Ti-Cr quinary alloys. J. Alloys Compd. (2016) doi:10.1016/j.jallcom.2016.07.159.",25,50,329,142,55.4,18.3,5,16.1,0,5.2,0,0,0,0,0,0,0,0,0,0,0,0,0,0,0,0,0,0,0
Co-50.6Ni-8.5Al-20.9Cr-2.5Ti,203c,"Christofidou, K. A. et al. The microstructure and hardness of Ni-Co-Al-Ti-Cr quinary alloys. J. Alloys Compd. (2016) doi:10.1016/j.jallcom.2016.07.159.",25,50,328,154,17.5,50.6,8.5,20.9,0,2.5,0,0,0,0,0,0,0,0,0,0,0,0,0,0,0,0,0,0,0
Co-36.1Ni-8.6Al-16.Cr-2.7Ti,152c,"Christofidou, K. A. et al. The microstructure and hardness of Ni-Co-Al-Ti-Cr quinary alloys. J. Alloys Compd. (2016) doi:10.1016/j.jallcom.2016.07.159.",25,50,321,148,36.6,36.1,8.6,16,0,2.7,0,0,0,0,0,0,0,0,0,0,0,0,0,0,0,0,0,0,0
Co-19.7Ni-5.4Al-11.Cr-5.3Ti,101b,"Christofidou, K. A. et al. The microstructure and hardness of Ni-Co-Al-Ti-Cr quinary alloys. J. Alloys Compd. (2016) doi:10.1016/j.jallcom.2016.07.159.",25,50,318,139,58.6,19.7,5.4,11,0,5.3,0,0,0,0,0,0,0,0,0,0,0,0,0,0,0,0,0,0,0
Co-34.4Ni-5.7Al-21.2Cr-5.2Ti,202b,"Christofidou, K. A. et al. The microstructure and hardness of Ni-Co-Al-Ti-Cr quinary alloys. J. Alloys Compd. (2016) doi:10.1016/j.jallcom.2016.07.159.",25,50,318,144,33.5,34.4,5.7,21.2,0,5.2,0,0,0,0,0,0,0,0,0,0,0,0,0,0,0,0,0,0,0
Co-17.Ni-5.5Al-21.4Cr-5.Ti,201b,"Christofidou, K. A. et al. The microstructure and hardness of Ni-Co-Al-Ti-Cr quinary alloys. J. Alloys Compd. (2016) doi:10.1016/j.jallcom.2016.07.159.",25,50,315,145,51.1,17,5.5,21.4,0,5,0,0,0,0,0,0,0,0,0,0,0,0,0,0,0,0,0,0,0
Co-19.Ni-7.1Al-16.5Cr-2.7Ti,151c,"Christofidou, K. A. et al. The microstructure and hardness of Ni-Co-Al-Ti-Cr quinary alloys. J. Alloys Compd. (2016) doi:10.1016/j.jallcom.2016.07.159.",25,50,252,147,54.7,19,7.1,16.5,0,2.7,0,0,0,0,0,0,0,0,0,0,0,0,0,0,0,0,0,0,0
Co-17.2Ni-7.8Al-21.8Cr-2.6Ti,201c,"Christofidou, K. A. et al. The microstructure and hardness of Ni-Co-Al-Ti-Cr quinary alloys. J. Alloys Compd. (2016) doi:10.1016/j.jallcom.2016.07.159.",25,50,245,153,50.6,17.2,7.8,21.8,0,2.6,0,0,0,0,0,0,0,0,0,0,0,0,0,0,0,0,0,0,0
Co-19.7Ni-7.5Al-11.1Cr-2.6Ti,101c,"Christofidou, K. A. et al. The microstructure and hardness of Ni-Co-Al-Ti-Cr quinary alloys. J. Alloys Compd. (2016) doi:10.1016/j.jallcom.2016.07.159.",25,50,240,151,59.1,19.7,7.5,11.1,0,2.6,0,0,0,0,0,0,0,0,0,0,0,0,0,0,0,0,0,0,0
Co-9.7Al-10.8W,Co-9.7Al-10.8W,"Dunand, D. C. et al. ‘Designing Nanoscale Precipitates in Novel Cobalt-based Superalloys to Improve Creep Resistance and Operating Temperature’ Final Technical Report. (2010).",25,750,438.4623228,166,79.5,0,9.7,0,10.8,0,0,0,0,0,0,0,0,0,0,0,0,0,0,0,0,0,0,0,0
Co-9.7Al-10.8W,Co-9.7Al-10.8W,"Dunand, D. C. et al. ‘Designing Nanoscale Precipitates in Novel Cobalt-based Superalloys to Improve Creep Resistance and Operating Temperature’ Final Technical Report. (2010).",25,650,418.0687264,166,79.5,0,9.7,0,10.8,0,0,0,0,0,0,0,0,0,0,0,0,0,0,0,0,0,0,0,0
Co-15.9Ni-13.6Al-19.W-0.7Ta-0.6Mo-0.3Re,alloy1,"Epishin, A. I. et al. Thermal stability of the structure of a heat-resistant cobalt alloy hardened with intermetallic ?’-phase precipitates. Russ. Metall. 2016, 286–291 (2016).",25,800,326,169,49.9,15.9,13.6,0,19,0,0.7,0,0,0.6,0,0,0,0,0.3,0,0,0,0,0,0,0,0,0,0
Co-15.9Ni-13.6Al-19.W-0.7Ta-0.6Mo-0.3Re,alloy1,"Epishin, A. I. et al. Thermal stability of the structure of a heat-resistant cobalt alloy hardened with intermetallic ?’-phase precipitates. Russ. Metall. 2016, 286–291 (2016).",25,700,285,169,49.9,15.9,13.6,0,19,0,0.7,0,0,0.6,0,0,0,0,0.3,0,0,0,0,0,0,0,0,0,0
Co-11.7Al-9.W-2.1Ti-1.7Ta,Co-12Al-10W-2Ti-2Ta,"Ferreras, R. C., Gálvez Díaz-Rubio, F. & Campos Gómez, M. TESIS DOCTORAL Design of high temperature cobalt-based alloys processed by powder metallurgy route Autor.",25,900,550,193,75.49,0,11.65,0,9.03,2.14,1.69,0,0,0,0,0,0,0,0,0,0,0,0,0,0,0,0,0,0
Co-13.7Al-7.7W,Co-12Al-10W,"Ferreras, R. C., Gálvez Díaz-Rubio, F. & Campos Gómez, M. TESIS DOCTORAL Design of high temperature cobalt-based alloys processed by powder metallurgy route Autor.",25,900,520,194,78.63,0,13.66,0,7.71,0,0,0,0,0,0,0,0,0,0,0,0,0,0,0,0,0,0,0,0
Co-32.Ni-6.Al-12.Cr-3.W-2.5Ti-1.5Ta-0.4Si-0.1Hf-0.08C-0.01Zr-0.08B,CoWAlloy1,"Freund, L. P. et al. High temperature properties and fatigue strength of novel wrought ?/?? Co-base superalloys. J. Mater. Res. 32, 4475–4482 (2017).",25,750,492,195,42.33,32,6,12,3,2.5,1.5,0,0,0,0.08,0.01,0.08,0,0,0.4,0,0,0.1,0,0,0,0,0,0
Co-32.Ni-6.Al-12.Cr-3.W-2.5Ti-1.5Ta-0.4Si-0.1Hf-0.08C-0.01Zr-0.08B,CoWAlloy1,"Freund, L. P. et al. High temperature properties and fatigue strength of novel wrought ?/?? Co-base superalloys. J. Mater. Res. 32, 4475–4482 (2017).",25,750,486,195,42.33,32,6,12,3,2.5,1.5,0,0,0,0.08,0.01,0.08,0,0,0.4,0,0,0.1,0,0,0,0,0,0
Co-31.8Ni-8.7Al-12.6Cr-4.7W-0.3Ti-0.2Ta-0.4Si-0.1Hf-0.08C-0.01Zr-0.08B,CoWAlloy2,"Freund, L. P. et al. High temperature properties and fatigue strength of novel wrought ?/?? Co-base superalloys. J. Mater. Res. 32, 4475–4482 (2017).",25,750,423,196,41.03,31.8,8.7,12.6,4.7,0.3,0.2,0,0,0,0.08,0.01,0.08,0,0,0.4,0,0,0.1,0,0,0,0,0,0
Co-31.8Ni-8.7Al-12.6Cr-4.7W-0.3Ti-0.2Ta-0.4Si-0.1Hf-0.08C-0.01Zr-0.08B,CoWAlloy2,"Freund, L. P. et al. High temperature properties and fatigue strength of novel wrought ?/?? Co-base superalloys. J. Mater. Res. 32, 4475–4482 (2017).",25,750,418,196,41.03,31.8,8.7,12.6,4.7,0.3,0.2,0,0,0,0.08,0.01,0.08,0,0,0.4,0,0,0.1,0,0,0,0,0,0
Co-32.Ni-11.Al-12.Cr-3.W-0.3Ti-0.2Ta-0.4Si-0.1Hf-0.08C-0.01Zr-0.08B,CoWAlloy6,"Freund, L. P. et al. The Effect of a Grain Boundary Pinning B2 Phase on Polycrystalline Co-Based Superalloys with Reduced Density. Metall. Mater. Trans. A Phys. Metall. Mater. Sci. 49, 4070–4078 (2018).",25,1000,355,197,40.83,32,11,12,3,0.3,0.2,0,0,0,0.08,0.01,0.08,0,0,0.4,0,0,0.1,0,0,0,0,0,0
Co-32.Ni-11.Al-12.Cr-3.W-0.3Ti-0.2Ta-0.4Si-0.1Hf-0.08C-0.01Zr-0.08B,CoWAlloy6,"Freund, L. P. et al. The Effect of a Grain Boundary Pinning B2 Phase on Polycrystalline Co-Based Superalloys with Reduced Density. Metall. Mater. Trans. A Phys. Metall. Mater. Sci. 49, 4070–4078 (2018).",25,1050,330,197,40.83,32,11,12,3,0.3,0.2,0,0,0,0.08,0.01,0.08,0,0,0.4,0,0,0.1,0,0,0,0,0,0
Co-32.Ni-11.Al-12.Cr-3.W-0.3Ti-0.2Ta-0.4Si-0.1Hf-0.08C-0.01Zr-0.08B,CoWAlloy6,"Freund, L. P. et al. The Effect of a Grain Boundary Pinning B2 Phase on Polycrystalline Co-Based Superalloys with Reduced Density. Metall. Mater. Trans. A Phys. Metall. Mater. Sci. 49, 4070–4078 (2018).",25,1100,268,197,40.83,32,11,12,3,0.3,0.2,0,0,0,0.08,0.01,0.08,0,0,0.4,0,0,0.1,0,0,0,0,0,0
Co-32.Ni-11.Al-12.Cr-3.W-0.3Ti-0.2Ta-0.4Si-0.1Hf-0.08C-0.01Zr-0.08B,CoWAlloy6,"Freund, L. P. et al. The Effect of a Grain Boundary Pinning B2 Phase on Polycrystalline Co-Based Superalloys with Reduced Density. Metall. Mater. Trans. A Phys. Metall. Mater. Sci. 49, 4070–4078 (2018).",25,1150,263,197,40.83,32,11,12,3,0.3,0.2,0,0,0,0.08,0.01,0.08,0,0,0.4,0,0,0.1,0,0,0,0,0,0
Co-32.Ni-11.Al-12.Cr-3.W-0.3Ti-0.2Ta-0.4Si-0.1Hf-0.08C-0.01Zr-0.08B,CoWAlloy6,"Freund, L. P. et al. The Effect of a Grain Boundary Pinning B2 Phase on Polycrystalline Co-Based Superalloys with Reduced Density. Metall. Mater. Trans. A Phys. Metall. Mater. Sci. 49, 4070–4078 (2018).",25,1200,258,197,40.83,32,11,12,3,0.3,0.2,0,0,0,0.08,0.01,0.08,0,0,0.4,0,0,0.1,0,0,0,0,0,0
Co-32.Ni-9.Al-12.Cr-5.W-0.3Ti-0.2Ta-1.Mo-0.4Si-0.1Hf-0.08C-0.01Zr-0.08B,CoWAlloy3,"Freund, L. P. et al. The grain boundary pinning effect of the ? phase in an advanced polycrystalline ?/?? Co-base superalloy. J. Alloys Compd. 753, 333–342 (2018).",25,1000,383,198,39.83,32,9,12,5,0.3,0.2,0,0,1,0.08,0.01,0.08,0,0,0.4,0,0,0.1,0,0,0,0,0,0
Co-32.Ni-9.Al-12.Cr-5.W-0.3Ti-0.2Ta-1.Mo-0.4Si-0.1Hf-0.08C-0.01Zr-0.08B,CoWAlloy3,"Freund, L. P. et al. The grain boundary pinning effect of the ? phase in an advanced polycrystalline ?/?? Co-base superalloy. J. Alloys Compd. 753, 333–342 (2018).",25,1100,354,198,39.83,32,9,12,5,0.3,0.2,0,0,1,0.08,0.01,0.08,0,0,0.4,0,0,0.1,0,0,0,0,0,0
Co-32.Ni-9.Al-12.Cr-5.W-0.3Ti-0.2Ta-1.Mo-0.4Si-0.1Hf-0.08C-0.01Zr-0.08B,CoWAlloy3,"Freund, L. P. et al. The grain boundary pinning effect of the ? phase in an advanced polycrystalline ?/?? Co-base superalloy. J. Alloys Compd. 753, 333–342 (2018).",25,1050,352,198,39.83,32,9,12,5,0.3,0.2,0,0,1,0.08,0.01,0.08,0,0,0.4,0,0,0.1,0,0,0,0,0,0
Co-32.Ni-9.Al-12.Cr-5.W-0.3Ti-0.2Ta-1.Mo-0.4Si-0.1Hf-0.08C-0.01Zr-0.08B,CoWAlloy3,"Freund, L. P. et al. The grain boundary pinning effect of the ? phase in an advanced polycrystalline ?/?? Co-base superalloy. J. Alloys Compd. 753, 333–342 (2018).",25,1025,342,198,39.83,32,9,12,5,0.3,0.2,0,0,1,0.08,0.01,0.08,0,0,0.4,0,0,0.1,0,0,0,0,0,0
Co-32.Ni-9.Al-12.Cr-5.W-0.3Ti-0.2Ta-1.Mo-0.4Si-0.1Hf-0.08C-0.01Zr-0.08B,CoWAlloy3,"Freund, L. P. et al. The grain boundary pinning effect of the ? phase in an advanced polycrystalline ?/?? Co-base superalloy. J. Alloys Compd. 753, 333–342 (2018).",25,1075,336,198,39.83,32,9,12,5,0.3,0.2,0,0,1,0.08,0.01,0.08,0,0,0.4,0,0,0.1,0,0,0,0,0,0
Co-32.Ni-9.Al-12.Cr-5.W-0.3Ti-0.2Ta-1.Mo-0.4Si-0.1Hf-0.08C-0.01Zr-0.08B,CoWAlloy3,"Freund, L. P. et al. The grain boundary pinning effect of the ? phase in an advanced polycrystalline ?/?? Co-base superalloy. J. Alloys Compd. 753, 333–342 (2018).",25,1125,305,198,39.83,32,9,12,5,0.3,0.2,0,0,1,0.08,0.01,0.08,0,0,0.4,0,0,0.1,0,0,0,0,0,0
Co-32.Ni-9.Al-12.Cr-5.W-0.3Ti-0.2Ta-1.Mo-0.4Si-0.1Hf-0.08C-0.01Zr-0.08B,CoWAlloy3,"Freund, L. P. et al. The grain boundary pinning effect of the ? phase in an advanced polycrystalline ?/?? Co-base superalloy. J. Alloys Compd. 753, 333–342 (2018).",25,1150,274,198,39.83,32,9,12,5,0.3,0.2,0,0,1,0.08,0.01,0.08,0,0,0.4,0,0,0.1,0,0,0,0,0,0
Co-29.7Ni-9.1Al-12.4Cr-1.3W-3.7Nb,1W4Nb,"Fu, H. et al. Microstructure and Properties Evolution of Co-Al-W-Ni-Cr Superalloys by Molybdenum and Niobium Substitutions for Tungsten. Metall. Mater. Trans. A Phys. Metall. Mater. Sci. 51, 299–308 (2020).",25,750,457.8362394,205,43.83,29.69,9.05,12.43,1.26,0,0,3.74,0,0,0,0,0,0,0,0,0,0,0,0,0,0,0,0,0
Co-29.9Ni-8.7Al-12.1Cr-3.1W-1.8Nb,3W2Nb,"Fu, H. et al. Microstructure and Properties Evolution of Co-Al-W-Ni-Cr Superalloys by Molybdenum and Niobium Substitutions for Tungsten. Metall. Mater. Trans. A Phys. Metall. Mater. Sci. 51, 299–308 (2020).",25,750,416.0293668,204,44.41,29.89,8.69,12.11,3.09,0,0,1.81,0,0,0,0,0,0,0,0,0,0,0,0,0,0,0,0,0
Co-29.9Ni-9.Al-12.2Cr-4.1W-1.Nb,4W1Nb,"Fu, H. et al. Microstructure and Properties Evolution of Co-Al-W-Ni-Cr Superalloys by Molybdenum and Niobium Substitutions for Tungsten. Metall. Mater. Trans. A Phys. Metall. Mater. Sci. 51, 299–308 (2020).",25,750,397.67513,203,43.76,29.91,9.03,12.19,4.07,0,0,1.04,0,0,0,0,0,0,0,0,0,0,0,0,0,0,0,0,0
Co-29.7Ni-8.9Al-12.3Cr-5.1W,5W,"Fu, H. et al. Microstructure and Properties Evolution of Co-Al-W-Ni-Cr Superalloys by Molybdenum and Niobium Substitutions for Tungsten. Metall. Mater. Trans. A Phys. Metall. Mater. Sci. 51, 299–308 (2020).",25,750,376.2618538,199,44.04,29.71,8.86,12.32,5.07,0,0,0,0,0,0,0,0,0,0,0,0,0,0,0,0,0,0,0,0
Co-29.5Ni-8.9Al-12.6Cr-3.9W-1.Mo,4W1Mo,"Fu, H. et al. Microstructure and Properties Evolution of Co-Al-W-Ni-Cr Superalloys by Molybdenum and Niobium Substitutions for Tungsten. Metall. Mater. Trans. A Phys. Metall. Mater. Sci. 51, 299–308 (2020).",25,750,367.0847354,200,44.07,29.49,8.9,12.58,3.92,0,0,0,0,1.04,0,0,0,0,0,0,0,0,0,0,0,0,0,0,0
Co-29.9Ni-8.9Al-12.1Cr-3.1W-1.8Mo,3W2Mo,"Fu, H. et al. Microstructure and Properties Evolution of Co-Al-W-Ni-Cr Superalloys by Molybdenum and Niobium Substitutions for Tungsten. Metall. Mater. Trans. A Phys. Metall. Mater. Sci. 51, 299–308 (2020).",25,750,344.6517793,201,44.22,29.89,8.91,12.1,3.09,0,0,0,0,1.79,0,0,0,0,0,0,0,0,0,0,0,0,0,0,0
Co-26.7Ni-9.1Al-12.4Cr-1.3W-3.8Mo,1W4Mo,"Fu, H. et al. Microstructure and Properties Evolution of Co-Al-W-Ni-Cr Superalloys by Molybdenum and Niobium Substitutions for Tungsten. Metall. Mater. Trans. A Phys. Metall. Mater. Sci. 51, 299–308 (2020).",25,750,320.1794636,202,46.81,26.69,9.05,12.42,1.25,0,0,0,0,3.78,0,0,0,0,0,0,0,0,0,0,0,0,0,0,0
Co-30.Ni-6.7Al-3.3Ti,3.3Ti,"Gao, Q. et al. Effects of alloying elements on microstructure and mechanical properties of Co–Ni–Al–Ti superalloy. Mater. Sci. Eng. A 779, (2020).",25,650,434,206,60,30,6.7,0,0,3.3,0,0,0,0,0,0,0,0,0,0,0,0,0,0,0,0,0,0,0
Co-30.Ni-7.5Al-2.5Ti-2.Mo,2Mo,"Gao, Q. et al. Effects of alloying elements on microstructure and mechanical properties of Co–Ni–Al–Ti superalloy. Mater. Sci. Eng. A 779, (2020).",25,650,398,209,58,30,7.5,0,0,2.5,0,0,0,2,0,0,0,0,0,0,0,0,0,0,0,0,0,0,0
Co-30.Ni-7.5Al-2.5Ti,2.5Ti,"Gao, Q. et al. Effects of alloying elements on microstructure and mechanical properties of Co–Ni–Al–Ti superalloy. Mater. Sci. Eng. A 779, (2020).",25,650,369,207,60,30,7.5,0,0,2.5,0,0,0,0,0,0,0,0,0,0,0,0,0,0,0,0,0,0,0
Co-30.Ni-6.7Al-3.3Ti,3.3Ti,"Gao, Q. et al. Effects of alloying elements on microstructure and mechanical properties of Co–Ni–Al–Ti superalloy. Mater. Sci. Eng. A 779, (2020).",25,650,367,206,60,30,6.7,0,0,3.3,0,0,0,0,0,0,0,0,0,0,0,0,0,0,0,0,0,0,0
Co-30.Ni-8.3Al-1.7Ti,1.7Ti,"Gao, Q. et al. Effects of alloying elements on microstructure and mechanical properties of Co–Ni–Al–Ti superalloy. Mater. Sci. Eng. A 779, (2020).",25,650,356,210,60,30,8.3,0,0,1.7,0,0,0,0,0,0,0,0,0,0,0,0,0,0,0,0,0,0,0
Co-30.Ni-7.5Al-2.Cr-2.5Ti,2Cr,"Gao, Q. et al. Effects of alloying elements on microstructure and mechanical properties of Co–Ni–Al–Ti superalloy. Mater. Sci. Eng. A 779, (2020).",25,650,336,208,58,30,7.5,2,0,2.5,0,0,0,0,0,0,0,0,0,0,0,0,0,0,0,0,0,0,0
Co-30.Ni-7.5Al-2.5Ti-2.Mo,2Mo,"Gao, Q. et al. Effects of alloying elements on microstructure and mechanical properties of Co–Ni–Al–Ti superalloy. Mater. Sci. Eng. A 779, (2020).",25,650,335,209,58,30,7.5,0,0,2.5,0,0,0,2,0,0,0,0,0,0,0,0,0,0,0,0,0,0,0
Co-30.Ni-7.5Al-2.5Ti,2.5Ti,"Gao, Q. et al. Effects of alloying elements on microstructure and mechanical properties of Co–Ni–Al–Ti superalloy. Mater. Sci. Eng. A 779, (2020).",25,650,313,207,60,30,7.5,0,0,2.5,0,0,0,0,0,0,0,0,0,0,0,0,0,0,0,0,0,0,0
Co-30.Ni-7.5Al-2.Cr-2.5Ti,2Cr,"Gao, Q. et al. Effects of alloying elements on microstructure and mechanical properties of Co–Ni–Al–Ti superalloy. Mater. Sci. Eng. A 779, (2020).",25,650,302,208,58,30,7.5,2,0,2.5,0,0,0,0,0,0,0,0,0,0,0,0,0,0,0,0,0,0,0
Co-30.Ni-8.3Al-1.7Ti,1.7Ti,"Gao, Q. et al. Effects of alloying elements on microstructure and mechanical properties of Co–Ni–Al–Ti superalloy. Mater. Sci. Eng. A 779, (2020).",25,650,285,210,60,30,8.3,0,0,1.7,0,0,0,0,0,0,0,0,0,0,0,0,0,0,0,0,0,0,0
Co-30.Ni-6.7Al-3.3Ti,3.3Ti,"Gao, Q. et al. Effects of alloying elements on microstructure and mechanical properties of Co–Ni–Al–Ti superalloy. Mater. Sci. Eng. A 779, (2020).",25,650,201,206,60,30,6.7,0,0,3.3,0,0,0,0,0,0,0,0,0,0,0,0,0,0,0,0,0,0,0
Co-30.Ni-8.3Al-1.7Ti,1.7Ti,"Gao, Q. et al. Effects of alloying elements on microstructure and mechanical properties of Co–Ni–Al–Ti superalloy. Mater. Sci. Eng. A 779, (2020).",25,650,195,210,60,30,8.3,0,0,1.7,0,0,0,0,0,0,0,0,0,0,0,0,0,0,0,0,0,0,0
Co-30.Ni-7.5Al-2.Cr-2.5Ti,2Cr,"Gao, Q. et al. Effects of alloying elements on microstructure and mechanical properties of Co–Ni–Al–Ti superalloy. Mater. Sci. Eng. A 779, (2020).",25,650,183,208,58,30,7.5,2,0,2.5,0,0,0,0,0,0,0,0,0,0,0,0,0,0,0,0,0,0,0
Co-30.Ni-7.5Al-2.5Ti,2.5Ti,"Gao, Q. et al. Effects of alloying elements on microstructure and mechanical properties of Co–Ni–Al–Ti superalloy. Mater. Sci. Eng. A 779, (2020).",25,650,176,207,60,30,7.5,0,0,2.5,0,0,0,0,0,0,0,0,0,0,0,0,0,0,0,0,0,0,0
Co-30.Ni-7.5Al-2.5Ti-2.Mo,2Mo,"Gao, Q. et al. Effects of alloying elements on microstructure and mechanical properties of Co–Ni–Al–Ti superalloy. Mater. Sci. Eng. A 779, (2020).",25,650,168,209,58,30,7.5,0,0,2.5,0,0,0,2,0,0,0,0,0,0,0,0,0,0,0,0,0,0,0
Co-31.8Ni-8.7Al-12.6Cr-4.7W-0.3Ti-0.2Ta-0.4Si-0.1Hf-0.08C-0.01Zr-0.08B,CoWAlloy2,"Hausmann, D. et al. Enhancing the high-temperature strength of a Co-base superalloy by optimizing the ?/?’ microstructure. Metals (Basel). 10, (2020).",25,725,382,196,41.03,31.8,8.7,12.6,4.7,0.3,0.2,0,0,0,0.08,0.01,0.08,0,0,0.4,0,0,0.1,0,0,0,0,0,0
Co-31.8Ni-8.7Al-12.6Cr-4.7W-0.3Ti-0.2Ta-0.4Si-0.1Hf-0.08C-0.01Zr-0.08B,CoWAlloy2,"Hausmann, D. et al. Enhancing the high-temperature strength of a Co-base superalloy by optimizing the ?/?’ microstructure. Metals (Basel). 10, (2020).",25,750,378,196,41.03,31.8,8.7,12.6,4.7,0.3,0.2,0,0,0,0.08,0.01,0.08,0,0,0.4,0,0,0.1,0,0,0,0,0,0
Co-7.9Al-6.8W,Co-7.9Al-6.8W,"Kazantseva, N. V. et al. Mechanical and magnetic properties of alloys near the concentration range of the existence of Co3(Al,W) intermetallic compound. Phys. Met. Metallogr. 118, 432–438 (2017).",25,50,414,227,85.3,0,7.9,0,6.8,0,0,0,0,0,0,0,0,0,0,0,0,0,0,0,0,0,0,0,0
Co-8.7Al-10.W,Co-8.7Al-10W,"Kazantseva, N. V. et al. Mechanical and magnetic properties of alloys near the concentration range of the existence of Co3(Al,W) intermetallic compound. Phys. Met. Metallogr. 118, 432–438 (2017).",25,50,413,229,81.3,0,8.7,0,10,0,0,0,0,0,0,0,0,0,0,0,0,0,0,0,0,0,0,0,0
Co-8.2Al-8.5W,Co-8.2Al-8.5W,"Kazantseva, N. V. et al. Mechanical and magnetic properties of alloys near the concentration range of the existence of Co3(Al,W) intermetallic compound. Phys. Met. Metallogr. 118, 432–438 (2017).",25,50,400,228,83.3,0,8.2,0,8.5,0,0,0,0,0,0,0,0,0,0,0,0,0,0,0,0,0,0,0,0
Co-9.Al-4.6W,Co-9Al-4.6W,"Kazantseva, N. V. et al. Mechanical and magnetic properties of alloys near the concentration range of the existence of Co3(Al,W) intermetallic compound. Phys. Met. Metallogr. 118, 432–438 (2017).",25,50,290,226,86.4,0,9,0,4.6,0,0,0,0,0,0,0,0,0,0,0,0,0,0,0,0,0,0,0,0
Co-9.1Al-9.4W-0.04B,0.04B-noPDZ,"Kolb, M. et al. On the grain boundary strengthening effect of boron in ?/?? Cobalt-base superalloys. Acta Mater. 145, 247–254 (2018).",25,900,459.8755991,245,81.463,0,9.1,0,9.4,0,0,0,0,0,0,0,0.037,0,0,0,0,0,0,0,0,0,0,0,0
Co-9.1Al-9.4W-0.04B,0.04B,"Kolb, M. et al. On the grain boundary strengthening effect of boron in ?/?? Cobalt-base superalloys. Acta Mater. 145, 247–254 (2018).",25,900,444.5804018,245,81.463,0,9.1,0,9.4,0,0,0,0,0,0,0,0.037,0,0,0,0,0,0,0,0,0,0,0,0
Co-9.1Al-9.5W,B-free,"Kolb, M. et al. On the grain boundary strengthening effect of boron in ?/?? Cobalt-base superalloys. Acta Mater. 145, 247–254 (2018).",25,900,431.3245641,243,81.4,0,9.1,0,9.5,0,0,0,0,0,0,0,0,0,0,0,0,0,0,0,0,0,0,0,0
Co-10.Ni-7.Al-7.W-4.Ti-1.Ta,L12,"Lass, E. A., Sauza, D. J., Dunand, D. C. & Seidman, D. N. Multicomponent ?’-strengthened Co-based superalloys with increased solvus temperatures and reduced mass densities. Acta Mater. 147, 284–295 (2018).",25,900,425,263,71,10,7,0,7,4,1,0,0,0,0,0,0,0,0,0,0,0,0,0,0,0,0,0,0
Co-30.Ni-7.Al-7.W-4.Ti-1.Ta,L13,"Lass, E. A., Sauza, D. J., Dunand, D. C. & Seidman, D. N. Multicomponent ?’-strengthened Co-based superalloys with increased solvus temperatures and reduced mass densities. Acta Mater. 147, 284–295 (2018).",25,900,401,264,51,30,7,0,7,4,1,0,0,0,0,0,0,0,0,0,0,0,0,0,0,0,0,0,0
Co-30.Ni-7.Al-2.W-4.Ti-1.Ta-1.Nb-3.Mo,L19,"Lass, E. A., Sauza, D. J., Dunand, D. C. & Seidman, D. N. Multicomponent ?’-strengthened Co-based superalloys with increased solvus temperatures and reduced mass densities. Acta Mater. 147, 284–295 (2018).",25,900,345,270,52,30,7,0,2,4,1,1,0,3,0,0,0,0,0,0,0,0,0,0,0,0,0,0,0
Co-30.Ni-7.Al-4.Ti-2.Nb-5.Mo,L15,"Lass, E. A., Sauza, D. J., Dunand, D. C. & Seidman, D. N. Multicomponent ?’-strengthened Co-based superalloys with increased solvus temperatures and reduced mass densities. Acta Mater. 147, 284–295 (2018).",25,900,325,266,52,30,7,0,0,4,0,2,0,5,0,0,0,0,0,0,0,0,0,0,0,0,0,0,0
Co-30.Ni-7.Al-4.Ti-1.Ta-1.Nb-5.Mo,L17,"Lass, E. A., Sauza, D. J., Dunand, D. C. & Seidman, D. N. Multicomponent ?’-strengthened Co-based superalloys with increased solvus temperatures and reduced mass densities. Acta Mater. 147, 284–295 (2018).",25,900,320,268,52,30,7,0,0,4,1,1,0,5,0,0,0,0,0,0,0,0,0,0,0,0,0,0,0
Co-10.Ni-7.Al-2.W-4.Ti-1.Ta-1.Nb-3.Mo,L18,"Lass, E. A., Sauza, D. J., Dunand, D. C. & Seidman, D. N. Multicomponent ?’-strengthened Co-based superalloys with increased solvus temperatures and reduced mass densities. Acta Mater. 147, 284–295 (2018).",25,900,320,269,72,10,7,0,2,4,1,1,0,3,0,0,0,0,0,0,0,0,0,0,0,0,0,0,0
Co-10.Ni-7.Al-4.Ti-2.Nb-5.Mo,L14,"Lass, E. A., Sauza, D. J., Dunand, D. C. & Seidman, D. N. Multicomponent ?’-strengthened Co-based superalloys with increased solvus temperatures and reduced mass densities. Acta Mater. 147, 284–295 (2018).",25,900,295,265,72,10,7,0,0,4,0,2,0,5,0,0,0,0,0,0,0,0,0,0,0,0,0,0,0
Co-10.Ni-7.Al-4.Ti-1.Ta-1.Nb-5.Mo,L16,"Lass, E. A., Sauza, D. J., Dunand, D. C. & Seidman, D. N. Multicomponent ?’-strengthened Co-based superalloys with increased solvus temperatures and reduced mass densities. Acta Mater. 147, 284–295 (2018).",25,900,288,267,72,10,7,0,0,4,1,1,0,5,0,0,0,0,0,0,0,0,0,0,0,0,0,0,0
Co-12.Ti-5.Re,Re5,"Li, L. et al. Effect of Re on microstructure and mechanical properties of ?/?? Co-Ti-based superalloys. Intermetallics 115, (2019).",25,800,525,273,83,0,0,0,0,12,0,0,0,0,0,0,0,0,5,0,0,0,0,0,0,0,0,0,0
Co-12.Ti-3.Re,Re3,"Li, L. et al. Effect of Re on microstructure and mechanical properties of ?/?? Co-Ti-based superalloys. Intermetallics 115, (2019).",25,800,515,272,85,0,0,0,0,12,0,0,0,0,0,0,0,0,3,0,0,0,0,0,0,0,0,0,0
Co-12.Ti-1.Re,Re1,"Li, L. et al. Effect of Re on microstructure and mechanical properties of ?/?? Co-Ti-based superalloys. Intermetallics 115, (2019).",25,800,428,271,87,0,0,0,0,12,0,0,0,0,0,0,0,0,1,0,0,0,0,0,0,0,0,0,0
Co-30.Ni-9.9Al-1.9Nb-5.1Mo,Co-30Ni-99Al-5.1Mo-1.9Nb,"Liu, Q., Coakley, J., Seidman, D. N. & Dunand, D. C. Precipitate Evolution and Creep Behavior of a W-Free Co-based Superalloy. Metall. Mater. Trans. A Phys. Metall. Mater. Sci. 47, 6090–6096 (2016).",25,900,269.1954726,290,53.1,30,9.9,0,0,0,0,1.9,0,5.1,0,0,0,0,0,0,0,0,0,0,0,0,0,0,0
Co-30.Ni-9.9Al-1.9Nb-5.1Mo,Co-30Ni-99Al-5.1Mo-1.9Nb,"Liu, Q., Coakley, J., Seidman, D. N. & Dunand, D. C. Precipitate Evolution and Creep Behavior of a W-Free Co-based Superalloy. Metall. Mater. Trans. A Phys. Metall. Mater. Sci. 47, 6090–6096 (2016).",25,900,264.0970735,290,53.1,30,9.9,0,0,0,0,1.9,0,5.1,0,0,0,0,0,0,0,0,0,0,0,0,0,0,0
Co-30.Ni-9.9Al-1.9Nb-5.1Mo,Co-30Ni-99Al-5.1Mo-1.9Nb,"Liu, Q., Coakley, J., Seidman, D. N. & Dunand, D. C. Precipitate Evolution and Creep Behavior of a W-Free Co-based Superalloy. Metall. Mater. Trans. A Phys. Metall. Mater. Sci. 47, 6090–6096 (2016).",25,900,263.0773937,290,53.1,30,9.9,0,0,0,0,1.9,0,5.1,0,0,0,0,0,0,0,0,0,0,0,0,0,0,0
Co-30.Ni-9.9Al-1.9Nb-5.1Mo,Co-30Ni-99Al-5.1Mo-1.9Nb,"Liu, Q., Coakley, J., Seidman, D. N. & Dunand, D. C. Precipitate Evolution and Creep Behavior of a W-Free Co-based Superalloy. Metall. Mater. Trans. A Phys. Metall. Mater. Sci. 47, 6090–6096 (2016).",25,900,256.9593148,290,53.1,30,9.9,0,0,0,0,1.9,0,5.1,0,0,0,0,0,0,0,0,0,0,0,0,0,0,0
Co-30.Ni-9.9Al-1.9Nb-5.1Mo,Co-30Ni-99Al-5.1Mo-1.9Nb,"Liu, Q., Coakley, J., Seidman, D. N. & Dunand, D. C. Precipitate Evolution and Creep Behavior of a W-Free Co-based Superalloy. Metall. Mater. Trans. A Phys. Metall. Mater. Sci. 47, 6090–6096 (2016).",25,900,250.8412359,290,53.1,30,9.9,0,0,0,0,1.9,0,5.1,0,0,0,0,0,0,0,0,0,0,0,0,0,0,0
Co-30.Ni-9.9Al-1.9Nb-5.1Mo,Co-30Ni-99Al-5.1Mo-1.9Nb,"Liu, Q., Coakley, J., Seidman, D. N. & Dunand, D. C. Precipitate Evolution and Creep Behavior of a W-Free Co-based Superalloy. Metall. Mater. Trans. A Phys. Metall. Mater. Sci. 47, 6090–6096 (2016).",25,900,234.5263587,290,53.1,30,9.9,0,0,0,0,1.9,0,5.1,0,0,0,0,0,0,0,0,0,0,0,0,0,0,0
Co-2.1W-4.1Ti-9.9V,CCTW,"Liu, X. et al. Effects of Nb and W additions on the microstructures and mechanical properties of novel ?/?’ Co-V-Ti-based superalloys. Metals (Basel). 8, (2018).",25,800,482,293,83.9,0,0,0,2.1,4.1,0,0,9.9,0,0,0,0,0,0,0,0,0,0,0,0,0,0,0,0
Co-4.1Ti-2.2Nb-10.1V,CVTN,"Liu, X. et al. Effects of Nb and W additions on the microstructures and mechanical properties of novel ?/?’ Co-V-Ti-based superalloys. Metals (Basel). 8, (2018).",25,800,448,292,83.6,0,0,0,0,4.1,0,2.2,10.1,0,0,0,0,0,0,0,0,0,0,0,0,0,0,0,0
Co-4.2Ti-12.1V,CVT-1,"Liu, X. et al. Effects of Nb and W additions on the microstructures and mechanical properties of novel ?/?’ Co-V-Ti-based superalloys. Metals (Basel). 8, (2018).",25,800,408,291,83.7,0,0,0,0,4.2,0,0,12.1,0,0,0,0,0,0,0,0,0,0,0,0,0,0,0,0
Co-27.8Ni-3.7Al-19.9W-0.4Si-0.02C-0.01B,Co-GP-01,"Locq, D., Martin, M., Ramusat, C., Fossard, F. & Perrut, M. ?? Precipitation Study of a Co-Ni-Based Alloy. Metall. Mater. Trans. A Phys. Metall. Mater. Sci. 49, 3854–3864 (2018).",25,800,390,306,48.22,27.8,3.7,0,19.9,0,0,0,0,0,0.02,0,0.01,0,0,0.35,0,0,0,0,0,0,0,0,0
Co-27.8Ni-3.7Al-19.9W-0.4Si-0.02C-0.01B,Co-GP-01,"Locq, D., Martin, M., Ramusat, C., Fossard, F. & Perrut, M. ?? Precipitation Study of a Co-Ni-Based Alloy. Metall. Mater. Trans. A Phys. Metall. Mater. Sci. 49, 3854–3864 (2018).",25,800,248,306,48.22,27.8,3.7,0,19.9,0,0,0,0,0,0.02,0,0.01,0,0,0.35,0,0,0,0,0,0,0,0,0
Co-32.Ni-9.9Al-1.4Ti-1.7Ta-4.6Mo,30Ni2Ta2Ti,"Makineni, S. K. et al. A new class of high strength high temperature Cobalt based ?-?? Co-Mo-Al alloys stabilized with Ta addition. Acta Mater. 97, 29–40 (2015).",25,900,405,309,50.4,32,9.9,0,0,1.4,1.7,0,0,4.6,0,0,0,0,0,0,0,0,0,0,0,0,0,0,0
Co-31.Ni-10.1Al-2.1Ta-5.1Mo,30Ni2Ta,"Makineni, S. K. et al. A new class of high strength high temperature Cobalt based ?-?? Co-Mo-Al alloys stabilized with Ta addition. Acta Mater. 97, 29–40 (2015).",25,900,380,311,51.7,31,10.1,0,0,0,2.1,0,0,5.1,0,0,0,0,0,0,0,0,0,0,0,0,0,0,0
Co-9.8Al-2.1Nb-5.1Mo,5Mo-base,"Makineni, S. K., Nithin, B. & Chattopadhyay, K. A new tungsten-free ?-?’ Co-Al-Mo-Nb-based superalloy. Scr. Mater. 98, 36–39 (2015).",25,800,390,312,83,0,9.8,0,0,0,0,2.1,0,5.1,0,0,0,0,0,0,0,0,0,0,0,0,0,0,0
Co-9.8Al-2.1Nb-5.1Mo,5Mo-base,"Makineni, S. K., Nithin, B. & Chattopadhyay, K. A new tungsten-free ?-?’ Co-Al-Mo-Nb-based superalloy. Scr. Mater. 98, 36–39 (2015).",25,800,314,312,83,0,9.8,0,0,0,0,2.1,0,5.1,0,0,0,0,0,0,0,0,0,0,0,0,0,0,0
Co-11.5Ni-9.9Al-2.1Nb-5.2Mo,CoNi10,"Makineni, S. K., Nithin, B. & Chattopadhyay, K. Synthesis of a new tungsten-free ?-?? Cobalt-based superalloy by tuning alloying additions. Acta Mater. 85, 85–94 (2015).",25,800,360,313,71.3,11.5,9.9,0,0,0,0,2.1,0,5.2,0,0,0,0,0,0,0,0,0,0,0,0,0,0,0
Co-32.Ni-9.7Al-2.3Nb-5.2Mo,CoNi30,"Makineni, S. K., Nithin, B. & Chattopadhyay, K. Synthesis of a new tungsten-free ?-?? Cobalt-based superalloy by tuning alloying additions. Acta Mater. 85, 85–94 (2015).",25,800,410,315,50.8,32,9.7,0,0,0,0,2.3,0,5.2,0,0,0,0,0,0,0,0,0,0,0,0,0,0,0
Co-50.Ni-10.Al-10.Cr-7.5W-3.Nb-0.6C-0.06B,50N-3Nb,"Matos, A., Costa, S., Nunes, C. A. & Ramirez, A. J. Development of Co-based superalloys. doi:10.13140/RG.2.2.27969.86883.",25,800,474,320,18.84,50,10,10,7.5,0,0,3,0,0,0.6,0,0.06,0,0,0,0,0,0,0,0,0,0,0,0
Co-40.Ni-10.Al-10.Cr-7.5W-3.Ta-0.6C-0.06B,40Ni-3Ta,"Matos, A., Costa, S., Nunes, C. A. & Ramirez, A. J. Development of Co-based superalloys. doi:10.13140/RG.2.2.27969.86883.",25,800,442,317,28.84,40,10,10,7.5,0,3,0,0,0,0.6,0,0.06,0,0,0,0,0,0,0,0,0,0,0,0
Co-40.Ni-10.Al-10.Cr-7.5W-3.Nb-0.6C-0.06B,40Ni-3Nb,"Matos, A., Costa, S., Nunes, C. A. & Ramirez, A. J. Development of Co-based superalloys. doi:10.13140/RG.2.2.27969.86883.",25,800,435,319,28.84,40,10,10,7.5,0,0,3,0,0,0.6,0,0.06,0,0,0,0,0,0,0,0,0,0,0,0
Co-30.Ni-10.Al-10.Cr-7.5W-3.Nb-0.6C-0.06B,30Ni-3Nb,"Matos, A., Costa, S., Nunes, C. A. & Ramirez, A. J. Development of Co-based superalloys. doi:10.13140/RG.2.2.27969.86883.",25,800,416,318,38.84,30,10,10,7.5,0,0,3,0,0,0.6,0,0.06,0,0,0,0,0,0,0,0,0,0,0,0
Co-20.Ni-10.Al-2.Nb-5.Mo,Co–20Ni–10Al–5Mo–2Nb,"Migas, D., Moskal, G. & Maci?g, T. Thermal analysis of W-free Co–(Ni)–Al–Mo–Nb superalloys. J. Therm. Anal. Calorim. (2020) doi:10.1007/s10973-020-09375-7.",25,800,317,327,63,20,10,0,0,0,0,2,0,5,0,0,0,0,0,0,0,0,0,0,0,0,0,0,0
Co-10.Al-2.Nb-5.Mo,Co–10Al–5Mo–2Nb,"Migas, D., Moskal, G. & Maci?g, T. Thermal analysis of W-free Co–(Ni)–Al–Mo–Nb superalloys. J. Therm. Anal. Calorim. (2020) doi:10.1007/s10973-020-09375-7.",25,800,303,326,83,0,10,0,0,0,0,2,0,5,0,0,0,0,0,0,0,0,0,0,0,0,0,0,0
Co-29.5Ni-10.4Al-8.Cr-2.Ti-2.Ta-4.9Mo,Cr-8,"Pandey, P. et al. Elemental site occupancy in the L12 A3B ordered intermetallic phase in Co-based superalloys and its influence on the microstructure. Acta Mater. 163, 140–153 (2019).",25,900,335,382,43.2,29.5,10.4,8,0,2,2,0,0,4.9,0,0,0,0,0,0,0,0,0,0,0,0,0,0,0
Co-30.1Ni-9.8Al-4.9Cr-2.Ti-2.Ta-4.9Mo,Cr-5,"Pandey, P. et al. Elemental site occupancy in the L12 A3B ordered intermetallic phase in Co-based superalloys and its influence on the microstructure. Acta Mater. 163, 140–153 (2019).",25,900,327,381,46.3,30.1,9.8,4.9,0,2,2,0,0,4.9,0,0,0,0,0,0,0,0,0,0,0,0,0,0,0
Co-30.2Ni-9.8Al-2.Cr-2.Ti-1.9Ta-4.6Mo,Cr-2,"Pandey, P. et al. Elemental site occupancy in the L12 A3B ordered intermetallic phase in Co-based superalloys and its influence on the microstructure. Acta Mater. 163, 140–153 (2019).",25,900,317,380,49.5,30.2,9.8,2,0,2,1.9,0,0,4.6,0,0,0,0,0,0,0,0,0,0,0,0,0,0,0
Co-35.4Ni-9.7Al-6.Cr-3.4Ti-2.8Ta-4.8Mo,HEACoNi,"Pandey, P., Kashyap, S., Palanisamy, D., Sharma, A. & Chattopadhyay, K. On the high temperature coarsening kinetics of ?? precipitates in a high strength Co37.6Ni35.4Al9.9Mo4.9Cr5.9Ta2.8Ti3.5 fcc-based high entropy alloy. Acta Mater. 177, 82–95 (2019).",25,900,379,385,37.9,35.4,9.7,6,0,3.4,2.8,0,0,4.8,0,0,0,0,0,0,0,0,0,0,0,0,0,0,0
Co-10.Ni-5.Al-8.Cr-2.Ti-3.Nb-3.V-0.04B,Co-10Ni-8Cr-5Al-3Nb-3V-2Ti-0.04B,"Reyes Tirado, F. L. Tungsten-free Cobalt-based Superalloys with Gamma Prime Precipitates. (2019).",25,850,343.6320995,415,68.96,10,5,8,0,2,0,3,3,0,0,0,0.04,0,0,0,0,0,0,0,0,0,0,0,0
Co-10.Ni-5.Al-4.Cr-6.Ti-3.Nb-3.V-0.04B,Co-10Ni-6Ti-5Al-4Cr-3V-3Nb-0.04B,"Reyes Tirado, F. L. Tungsten-free Cobalt-based Superalloys with Gamma Prime Precipitates. (2019).",25,850,318.140104,414,68.96,10,5,4,0,6,0,3,3,0,0,0,0.04,0,0,0,0,0,0,0,0,0,0,0,0
Co-10.Ni-5.Al-6.Ti-3.Nb-3.V-0.04B,Co-10Ni-6Ti-5Al-3V-3Nb-0.04B,"Reyes Tirado, F. L. Tungsten-free Cobalt-based Superalloys with Gamma Prime Precipitates. (2019).",25,850,282.4513103,413,72.96,10,5,0,0,6,0,3,3,0,0,0,0.04,0,0,0,0,0,0,0,0,0,0,0,0
Co-10.Ni-5.Al-4.Cr-2.Ti-3.Ta-3.V-0.04B,Co-10Ni-5Al-4Cr-3Ta-3V-2Ti-0.04B,"Reyes Tirado, F. L., Taylor, S. & Dunand, D. C. Effect of Al, Ti and Cr additions on the ?-?’ microstructure of W-free Co-Ta-V-Based superalloys. Acta Mater. 172, 44–54 (2019).",25,850,402.7735291,421,72.96,10,5,4,0,2,3,0,3,0,0,0,0.04,0,0,0,0,0,0,0,0,0,0,0,0
Co-10.Ni-5.Al-2.Ti-3.Ta-3.V-0.04B,Co-10Ni-5Al-3Ta-3V-2Ti-0.04B,"Reyes Tirado, F. L., Taylor, S. & Dunand, D. C. Effect of Al, Ti and Cr additions on the ?-?’ microstructure of W-free Co-Ta-V-Based superalloys. Acta Mater. 172, 44–54 (2019).",25,850,398.6948098,420,76.96,10,5,0,0,2,3,0,3,0,0,0,0.04,0,0,0,0,0,0,0,0,0,0,0,0
Co-7.9Al-6.8W,Romanov alloy 2,"Romanov, E. P. et al. Heat-resistant alloys based on intermetallic Co3(Al, W). Dokl. Chem. 473, 88–91 (2017).",25,950,414,227,85.3,0,7.9,0,6.8,0,0,0,0,0,0,0,0,0,0,0,0,0,0,0,0,0,0,0,0
Co-8.7Al-10.W,Romanov alloy 4,"Romanov, E. P. et al. Heat-resistant alloys based on intermetallic Co3(Al, W). Dokl. Chem. 473, 88–91 (2017).",25,950,413,229,81.3,0,8.7,0,10,0,0,0,0,0,0,0,0,0,0,0,0,0,0,0,0,0,0,0,0
Co-8.2Al-8.5W,Romanov alloy 3,"Romanov, E. P. et al. Heat-resistant alloys based on intermetallic Co3(Al, W). Dokl. Chem. 473, 88–91 (2017).",25,950,400,228,83.3,0,8.2,0,8.5,0,0,0,0,0,0,0,0,0,0,0,0,0,0,0,0,0,0,0,0
Co-9.Al-4.6W,Romanov alloy 1,"Romanov, E. P. et al. Heat-resistant alloys based on intermetallic Co3(Al, W). Dokl. Chem. 473, 88–91 (2017).",25,950,290,226,86.4,0,9,0,4.6,0,0,0,0,0,0,0,0,0,0,0,0,0,0,0,0,0,0,0,0
Co-2.Ti-2.Ta-12.V,Co-12V-2Ta-2Ti,"Ruan, J. et al. Accelerated design of novel W-free high-strength Co-base superalloys with extremely wide ?/?? region by machine learning and CALPHAD methods. Acta Mater. 186, 425–433 (2020).",25,800,497,411,84,0,0,0,0,2,2,0,12,0,0,0,0,0,0,0,0,0,0,0,0,0,0,0,0
Co-2.Ta-12.V,Co-12V-2Ta,"Ruan, J. et al. Accelerated design of novel W-free high-strength Co-base superalloys with extremely wide ?/?? region by machine learning and CALPHAD methods. Acta Mater. 186, 425–433 (2020).",25,800,467,437,86,0,0,0,0,0,2,0,12,0,0,0,0,0,0,0,0,0,0,0,0,0,0,0,0
Co-2.Al-2.Ta-12.V,Co-12V-2Ta-2Al,"Ruan, J. et al. Accelerated design of novel W-free high-strength Co-base superalloys with extremely wide ?/?? region by machine learning and CALPHAD methods. Acta Mater. 186, 425–433 (2020).",25,800,442,438,84,0,2,0,0,0,2,0,12,0,0,0,0,0,0,0,0,0,0,0,0,0,0,0,0
Co-20.4Ni-9.8Al-7.4W-2.7Ti-0.4C-0.1B,Sani alloy 1,"Sani, S. A., Arabi, H., Kheirandish, S. & Ebrahimi, G. Investigation on the homogenization treatment and element segregation on the microstructure of a ?/??-cobalt-based superalloy. Int. J. Miner. Metall. Mater. 26, 222–233 (2019).",25,1300,406,212,59.2,20.4,9.8,0,7.4,2.7,0,0,0,0,0.4,0,0.1,0,0,0,0,0,0,0,0,0,0,0,0
Co-8.8Al-9.8W-2.Ta,Co-8.8Al-9.8W-2Ta,"Sato, J. et al. Cobalt-base high-temperature alloys. Science (80-. ). 312, 90–91 (2006).",25,800,459,222,79.4,0,8.8,0,9.8,0,2,0,0,0,0,0,0,0,0,0,0,0,0,0,0,0,0,0,0
Co-8.8Al-9.8W-2.Ta,Co-8.8Al-9.8W-2Ta,"Sato, J. et al. Cobalt-base high-temperature alloys. Science (80-. ). 312, 90–91 (2006).",100,800,463,222,79.4,0,8.8,0,9.8,0,2,0,0,0,0,0,0,0,0,0,0,0,0,0,0,0,0,0,0
Co-8.8Al-9.8W-2.Ta,Co-8.8Al-9.8W-2Ta,"Sato, J. et al. Cobalt-base high-temperature alloys. Science (80-. ). 312, 90–91 (2006).",200,800,438,222,79.4,0,8.8,0,9.8,0,2,0,0,0,0,0,0,0,0,0,0,0,0,0,0,0,0,0,0
Co-8.8Al-9.8W-2.Ta,Co-8.8Al-9.8W-2Ta,"Sato, J. et al. Cobalt-base high-temperature alloys. Science (80-. ). 312, 90–91 (2006).",300,800,400,222,79.4,0,8.8,0,9.8,0,2,0,0,0,0,0,0,0,0,0,0,0,0,0,0,0,0,0,0
Co-8.8Al-9.8W-2.Ta,Co-8.8Al-9.8W-2Ta,"Sato, J. et al. Cobalt-base high-temperature alloys. Science (80-. ). 312, 90–91 (2006).",400,800,388,222,79.4,0,8.8,0,9.8,0,2,0,0,0,0,0,0,0,0,0,0,0,0,0,0,0,0,0,0
Co-8.8Al-9.8W-2.Ta,Co-8.8Al-9.8W-2Ta,"Sato, J. et al. Cobalt-base high-temperature alloys. Science (80-. ). 312, 90–91 (2006).",500,800,381,222,79.4,0,8.8,0,9.8,0,2,0,0,0,0,0,0,0,0,0,0,0,0,0,0,0,0,0,0
Co-8.8Al-9.8W-2.Ta,Co-8.8Al-9.8W-2Ta,"Sato, J. et al. Cobalt-base high-temperature alloys. Science (80-. ). 312, 90–91 (2006).",600,800,367,222,79.4,0,8.8,0,9.8,0,2,0,0,0,0,0,0,0,0,0,0,0,0,0,0,0,0,0,0
Co-8.8Al-9.8W-2.Ta,Co-8.8Al-9.8W-2Ta,"Sato, J. et al. Cobalt-base high-temperature alloys. Science (80-. ). 312, 90–91 (2006).",700,800,370,222,79.4,0,8.8,0,9.8,0,2,0,0,0,0,0,0,0,0,0,0,0,0,0,0,0,0,0,0
Co-8.8Al-9.8W-2.Ta,Co-8.8Al-9.8W-2Ta,"Sato, J. et al. Cobalt-base high-temperature alloys. Science (80-. ). 312, 90–91 (2006).",800,800,383,222,79.4,0,8.8,0,9.8,0,2,0,0,0,0,0,0,0,0,0,0,0,0,0,0,0,0,0,0
Co-8.8Al-9.8W-2.Ta,Co-8.8Al-9.8W-2Ta,"Sato, J. et al. Cobalt-base high-temperature alloys. Science (80-. ). 312, 90–91 (2006).",900,800,323,222,79.4,0,8.8,0,9.8,0,2,0,0,0,0,0,0,0,0,0,0,0,0,0,0,0,0,0,0
Co-8.8Al-9.8W-2.Ta,Co-8.8Al-9.8W-2Ta,"Sato, J. et al. Cobalt-base high-temperature alloys. Science (80-. ). 312, 90–91 (2006).",1.00E+03,800,261,222,79.4,0,8.8,0,9.8,0,2,0,0,0,0,0,0,0,0,0,0,0,0,0,0,0,0,0,0
Co-9.2Al-9.W,Co-9.2Al-9W,"Sato, J. et al. Cobalt-base high-temperature alloys. Science (80-. ). 312, 90–91 (2006).",25,800,400,446,81.8,0,9.2,0,9,0,0,0,0,0,0,0,0,0,0,0,0,0,0,0,0,0,0,0,0
Co-9.2Al-9.W,Co-9.2Al-9W,"Sato, J. et al. Cobalt-base high-temperature alloys. Science (80-. ). 312, 90–91 (2006).",100,800,384,446,81.8,0,9.2,0,9,0,0,0,0,0,0,0,0,0,0,0,0,0,0,0,0,0,0,0,0
Co-9.2Al-9.W,Co-9.2Al-9W,"Sato, J. et al. Cobalt-base high-temperature alloys. Science (80-. ). 312, 90–91 (2006).",200,800,375,446,81.8,0,9.2,0,9,0,0,0,0,0,0,0,0,0,0,0,0,0,0,0,0,0,0,0,0
Co-9.2Al-9.W,Co-9.2Al-9W,"Sato, J. et al. Cobalt-base high-temperature alloys. Science (80-. ). 312, 90–91 (2006).",300,800,364,446,81.8,0,9.2,0,9,0,0,0,0,0,0,0,0,0,0,0,0,0,0,0,0,0,0,0,0
Co-9.2Al-9.W,Co-9.2Al-9W,"Sato, J. et al. Cobalt-base high-temperature alloys. Science (80-. ). 312, 90–91 (2006).",400,800,361,446,81.8,0,9.2,0,9,0,0,0,0,0,0,0,0,0,0,0,0,0,0,0,0,0,0,0,0
Co-9.2Al-9.W,Co-9.2Al-9W,"Sato, J. et al. Cobalt-base high-temperature alloys. Science (80-. ). 312, 90–91 (2006).",500,800,336,446,81.8,0,9.2,0,9,0,0,0,0,0,0,0,0,0,0,0,0,0,0,0,0,0,0,0,0
Co-9.2Al-9.W,Co-9.2Al-9W,"Sato, J. et al. Cobalt-base high-temperature alloys. Science (80-. ). 312, 90–91 (2006).",600,800,330,446,81.8,0,9.2,0,9,0,0,0,0,0,0,0,0,0,0,0,0,0,0,0,0,0,0,0,0
Co-9.2Al-9.W,Co-9.2Al-9W,"Sato, J. et al. Cobalt-base high-temperature alloys. Science (80-. ). 312, 90–91 (2006).",700,800,306,446,81.8,0,9.2,0,9,0,0,0,0,0,0,0,0,0,0,0,0,0,0,0,0,0,0,0,0
Co-9.2Al-9.W,Co-9.2Al-9W,"Sato, J. et al. Cobalt-base high-temperature alloys. Science (80-. ). 312, 90–91 (2006).",800,800,309,446,81.8,0,9.2,0,9,0,0,0,0,0,0,0,0,0,0,0,0,0,0,0,0,0,0,0,0
Co-9.2Al-9.W,Co-9.2Al-9W,"Sato, J. et al. Cobalt-base high-temperature alloys. Science (80-. ). 312, 90–91 (2006).",900,800,225,446,81.8,0,9.2,0,9,0,0,0,0,0,0,0,0,0,0,0,0,0,0,0,0,0,0,0,0
Co-9.2Al-9.W,Co-9.2Al-9W,"Sato, J. et al. Cobalt-base high-temperature alloys. Science (80-. ). 312, 90–91 (2006).",1.00E+03,800,128,446,81.8,0,9.2,0,9,0,0,0,0,0,0,0,0,0,0,0,0,0,0,0,0,0,0,0,0
Co-9.9Ni-8.8Al-8.9W,Co-8.8Al-8.9W-9.9Ni,"Sauza, D. J., Dunand, D. C., Noebe, R. D. & Seidman, D. N. ?’-(L12) precipitate evolution during isothermal aging of a Co–Al–W–Ni superalloy. Acta Mater. 164, 654–662 (2019).",25,800,421,450,72.4,9.9,8.8,0,8.9,0,0,0,0,0,0,0,0,0,0,0,0,0,0,0,0,0,0,0,0
Co-16.9Al-3.2W-9.4Ti,8Ti,TMS. 2016_Book_TMS2014143rdAnnualMeetingExhib: THE ROLE OF Ti ON REDUCING THE MISFIT OF A Co-AI-W ALLOY. (2014).,25,900,374,536,70.48,0,16.94,0,3.16,9.42,0,0,0,0,0,0,0,0,0,0,0,0,0,0,0,0,0,0,0
Co-16.9Al-3.2W-11.7Ti,10Ti,TMS. 2016_Book_TMS2014143rdAnnualMeetingExhib: THE ROLE OF Ti ON REDUCING THE MISFIT OF A Co-AI-W ALLOY. (2014).,25,900,364,535,68.26,0,16.87,0,3.15,11.72,0,0,0,0,0,0,0,0,0,0,0,0,0,0,0,0,0,0,0
Co-17.Al-3.2W-7.1Ti,6Ti,TMS. 2016_Book_TMS2014143rdAnnualMeetingExhib: THE ROLE OF Ti ON REDUCING THE MISFIT OF A Co-AI-W ALLOY. (2014).,25,900,343,537,72.71,0,17.02,0,3.18,7.09,0,0,0,0,0,0,0,0,0,0,0,0,0,0,0,0,0,0,0
Co-17.1Al-3.2W-3.6Ti,3Ti,TMS. 2016_Book_TMS2014143rdAnnualMeetingExhib: THE ROLE OF Ti ON REDUCING THE MISFIT OF A Co-AI-W ALLOY. (2014).,25,900,329,538,76.1,0,17.13,0,3.2,3.57,0,0,0,0,0,0,0,0,0,0,0,0,0,0,0,0,0,0,0
Co-17.2Al-3.2W-1.2Ti,1Ti,TMS. 2016_Book_TMS2014143rdAnnualMeetingExhib: THE ROLE OF Ti ON REDUCING THE MISFIT OF A Co-AI-W ALLOY. (2014).,25,900,321,539,78.39,0,17.2,0,3.21,1.2,0,0,0,0,0,0,0,0,0,0,0,0,0,0,0,0,0,0,0
Co-17.3Al-3.2W,0Ti,TMS. 2016_Book_TMS2014143rdAnnualMeetingExhib: THE ROLE OF Ti ON REDUCING THE MISFIT OF A Co-AI-W ALLOY. (2014).,25,900,316,540,79.53,0,17.25,0,3.22,0,0,0,0,0,0,0,0,0,0,0,0,0,0,0,0,0,0,0,0
Co-9.Al-4.W-2.Ta-5.Hf,Co-9Al-4W-2Ta-5Hf,"Wang, S., Li, S. & Sha, J. Effect of Hf additions on microstructure and mechanical properties of a Co-9Al-9W-2Ta alloy at room and high-temperatures. in Procedia Engineering vol. 27 1162–1168 (Elsevier Ltd, 2012).",25,800,551,577,80,0,9,0,4,0,2,0,0,0,0,0,0,0,0,0,0,0,5,0,0,0,0,0,0
Co-9.Al-7.W-2.Ta-2.Hf,Co-9Al-7W-2Ta-2Hf,"Wang, S., Li, S. & Sha, J. Effect of Hf additions on microstructure and mechanical properties of a Co-9Al-9W-2Ta alloy at room and high-temperatures. in Procedia Engineering vol. 27 1162–1168 (Elsevier Ltd, 2012).",25,800,528,576,80,0,9,0,7,0,2,0,0,0,0,0,0,0,0,0,0,0,2,0,0,0,0,0,0
Co-9.Al-2.Ta-9.Hf,Co-9Al-2Ta-9Hf,"Wang, S., Li, S. & Sha, J. Effect of Hf additions on microstructure and mechanical properties of a Co-9Al-9W-2Ta alloy at room and high-temperatures. in Procedia Engineering vol. 27 1162–1168 (Elsevier Ltd, 2012).",25,800,528,579,80,0,9,0,0,0,2,0,0,0,0,0,0,0,0,0,0,0,9,0,0,0,0,0,0
Co-9.Al-3.W-2.Ta-6.Hf,Co-9Al-3W-2Ta-6Hf,"Wang, S., Li, S. & Sha, J. Effect of Hf additions on microstructure and mechanical properties of a Co-9Al-9W-2Ta alloy at room and high-temperatures. in Procedia Engineering vol. 27 1162–1168 (Elsevier Ltd, 2012).",25,800,511,578,80,0,9,0,3,0,2,0,0,0,0,0,0,0,0,0,0,0,6,0,0,0,0,0,0
Co-15.Ni-9.Al-10.W,15Ni,"Xue, F. et al. Effects of Ni on microstructural evolution and ?’ dissolution of novel Co-Al-W base alloys. Jinshu Xuebao/Acta Metall. Sin. 50, 845–853 (2014).",25,900,363,86,66,15,9,0,10,0,0,0,0,0,0,0,0,0,0,0,0,0,0,0,0,0,0,0,0
Co-25.Ni-9.Al-10.W,25Ni,"Xue, F. et al. Effects of Ni on microstructural evolution and ?’ dissolution of novel Co-Al-W base alloys. Jinshu Xuebao/Acta Metall. Sin. 50, 845–853 (2014).",25,900,360,87,56,25,9,0,10,0,0,0,0,0,0,0,0,0,0,0,0,0,0,0,0,0,0,0,0
Co-35.Ni-9.Al-10.W,35Ni,"Xue, F. et al. Effects of Ni on microstructural evolution and ?’ dissolution of novel Co-Al-W base alloys. Jinshu Xuebao/Acta Metall. Sin. 50, 845–853 (2014).",25,900,341,88,46,35,9,0,10,0,0,0,0,0,0,0,0,0,0,0,0,0,0,0,0,0,0,0,0
Co-45.Ni-9.Al-10.W,45Ni,"Xue, F. et al. Effects of Ni on microstructural evolution and ?’ dissolution of novel Co-Al-W base alloys. Jinshu Xuebao/Acta Metall. Sin. 50, 845–853 (2014).",25,900,328,763,36,45,9,0,10,0,0,0,0,0,0,0,0,0,0,0,0,0,0,0,0,0,0,0,0
Co-7.6Al-21.3Cr-7.2W,21Cr,"Yan, H. Y., Vorontsov, V. A. & Dye, D. Alloying effects in polycrystalline ?? strengthened Co-Al-W base alloys. Intermetallics 48, 44–53 (2014).",25,637,681,620,63.9,0,7.6,21.3,7.2,0,0,0,0,0,0,0,0,0,0,0,0,0,0,0,0,0,0,0,0
Co-7.5Al-17.3Cr-7.W,17Cr,"Yan, H. Y., Vorontsov, V. A. & Dye, D. Alloying effects in polycrystalline ?? strengthened Co-Al-W base alloys. Intermetallics 48, 44–53 (2014).",25,689,640,619,68.2,0,7.5,17.3,7,0,0,0,0,0,0,0,0,0,0,0,0,0,0,0,0,0,0,0,0
Co-19.5Fe-7.3Al-7.W,20Fe,"Yan, H. Y., Vorontsov, V. A. & Dye, D. Alloying effects in polycrystalline ?? strengthened Co-Al-W base alloys. Intermetallics 48, 44–53 (2014).",25,689,568,616,66.2,0,7.3,0,7,0,0,0,0,0,0,0,0,0,0,0,19.5,0,0,0,0,0,0,0,0
Co-7.3Al-6.8W,Base,"Yan, H. Y., Vorontsov, V. A. & Dye, D. Alloying effects in polycrystalline ?? strengthened Co-Al-W base alloys. Intermetallics 48, 44–53 (2014).",25,765,468,321,85.9,0,7.3,0,6.8,0,0,0,0,0,0,0,0,0,0,0,0,0,0,0,0,0,0,0,0
Co-11.1Ni-7.5Al-20.8Cr-7.2W,21Cr-11Ni,"Yan, H. Y., Vorontsov, V. A. & Dye, D. Alloying effects in polycrystalline ?? strengthened Co-Al-W base alloys. Intermetallics 48, 44–53 (2014).",25,688,463,622,53.4,11.1,7.5,20.8,7.2,0,0,0,0,0,0,0,0,0,0,0,0,0,0,0,0,0,0,0,0
Co-21.7Ni-6.9Al-21.5Cr-7.3W,21Cr-21Ni,"Yan, H. Y., Vorontsov, V. A. & Dye, D. Alloying effects in polycrystalline ?? strengthened Co-Al-W base alloys. Intermetallics 48, 44–53 (2014).",25,726,461,623,42.6,21.7,6.9,21.5,7.3,0,0,0,0,0,0,0,0,0,0,0,0,0,0,0,0,0,0,0,0
Co-9.9Al-4.8W-1.8Ta,2Ta,"Yan, H. Y., Vorontsov, V. A. & Dye, D. Alloying effects in polycrystalline ?? strengthened Co-Al-W base alloys. Intermetallics 48, 44–53 (2014).",25,900,434,323,83.5,0,9.9,0,4.8,0,1.8,0,0,0,0,0,0,0,0,0,0,0,0,0,0,0,0,0,0
Co-7.2Al-7.2W-0.7Si,1Si,"Yan, H. Y., Vorontsov, V. A. & Dye, D. Alloying effects in polycrystalline ?? strengthened Co-Al-W base alloys. Intermetallics 48, 44–53 (2014).",25,794,427,615,84.9,0,7.2,0,7.2,0,0,0,0,0,0,0,0,0,0,0.7,0,0,0,0,0,0,0,0,0
Co-6.4Al-6.W-2.2Ti,2Ti,"Yan, H. Y., Vorontsov, V. A. & Dye, D. Alloying effects in polycrystalline ?? strengthened Co-Al-W base alloys. Intermetallics 48, 44–53 (2014).",25,790,410,608,85.4,0,6.4,0,6,2.2,0,0,0,0,0,0,0,0,0,0,0,0,0,0,0,0,0,0,0
Co-7.2Al-4.7W-1.8Mo,2Mo,"Yan, H. Y., Vorontsov, V. A. & Dye, D. Alloying effects in polycrystalline ?? strengthened Co-Al-W base alloys. Intermetallics 48, 44–53 (2014).",25,715,406,610,86.3,0,7.2,0,4.7,0,0,0,0,1.8,0,0,0,0,0,0,0,0,0,0,0,0,0,0,0
Co-7.3Al-4.8W-2.1V,2V,"Yan, H. Y., Vorontsov, V. A. & Dye, D. Alloying effects in polycrystalline ?? strengthened Co-Al-W base alloys. Intermetallics 48, 44–53 (2014).",25,736,404,611,85.8,0,7.3,0,4.8,0,0,0,2.1,0,0,0,0,0,0,0,0,0,0,0,0,0,0,0,0
Co-21.3Ni-9.3Al-21.1Cr-4.7W,21Cr-21Ni-A,"Yan, H. Y., Vorontsov, V. A. & Dye, D. Alloying effects in polycrystalline ?? strengthened Co-Al-W base alloys. Intermetallics 48, 44–53 (2014).",25,689,401,626,43.6,21.3,9.3,21.1,4.7,0,0,0,0,0,0,0,0,0,0,0,0,0,0,0,0,0,0,0,0
Co-7.4Al-13.2Cr-7.1W,13Cr,"Yan, H. Y., Vorontsov, V. A. & Dye, D. Alloying effects in polycrystalline ?? strengthened Co-Al-W base alloys. Intermetallics 48, 44–53 (2014).",25,746,395,618,72.3,0,7.4,13.2,7.1,0,0,0,0,0,0,0,0,0,0,0,0,0,0,0,0,0,0,0,0
Co-32.5Ni-11.2Al-20.5Cr-3.4W,21Cr-32Ni-A,"Yan, H. Y., Vorontsov, V. A. & Dye, D. Alloying effects in polycrystalline ?? strengthened Co-Al-W base alloys. Intermetallics 48, 44–53 (2014).",25,817,388,627,32.4,32.5,11.2,20.5,3.4,0,0,0,0,0,0,0,0,0,0,0,0,0,0,0,0,0,0,0,0
Co-33.2Ni-7.7Al-20.8Cr-6.5W,21Cr-32Ni,"Yan, H. Y., Vorontsov, V. A. & Dye, D. Alloying effects in polycrystalline ?? strengthened Co-Al-W base alloys. Intermetallics 48, 44–53 (2014).",25,791,383,624,31.8,33.2,7.7,20.8,6.5,0,0,0,0,0,0,0,0,0,0,0,0,0,0,0,0,0,0,0,0
Co-20.2Ni-7.3Al-7.W,20Ni,"Yan, H. Y., Vorontsov, V. A. & Dye, D. Alloying effects in polycrystalline ?? strengthened Co-Al-W base alloys. Intermetallics 48, 44–53 (2014).",25,790,348,564,65.5,20.2,7.3,0,7,0,0,0,0,0,0,0,0,0,0,0,0,0,0,0,0,0,0,0,0
Co-7.2Al-9.8Cr-6.8W,10Cr,"Yan, H. Y., Vorontsov, V. A. & Dye, D. Alloying effects in polycrystalline ?? strengthened Co-Al-W base alloys. Intermetallics 48, 44–53 (2014).",25,772,347,617,76.2,0,7.2,9.8,6.8,0,0,0,0,0,0,0,0,0,0,0,0,0,0,0,0,0,0,0,0
Co-4.8Al-22.9Cr-6.6W,23Cr,"Yan, H. Y., Vorontsov, V. A. & Dye, D. Alloying effects in polycrystalline ?? strengthened Co-Al-W base alloys. Intermetallics 48, 44–53 (2014).",25,1300,326,621,65.7,0,4.8,22.9,6.6,0,0,0,0,0,0,0,0,0,0,0,0,0,0,0,0,0,0,0,0
Co-6.4Ni-7.7Al-3.W-4.2V,6Ni-4V,"Yan, H. Y., Vorontsov, V. A. & Dye, D. Alloying effects in polycrystalline ?? strengthened Co-Al-W base alloys. Intermetallics 48, 44–53 (2014).",25,741,323,614,78.7,6.4,7.7,0,3,0,0,0,4.2,0,0,0,0,0,0,0,0,0,0,0,0,0,0,0,0
Co-10.9Ni-8.5Al-21.Cr-5.5W,21Cr-11Ni-A,"Yan, H. Y., Vorontsov, V. A. & Dye, D. Alloying effects in polycrystalline ?? strengthened Co-Al-W base alloys. Intermetallics 48, 44–53 (2014).",25,689,323,625,54.1,10.9,8.5,21,5.5,0,0,0,0,0,0,0,0,0,0,0,0,0,0,0,0,0,0,0,0
Co-37.5Ni-9.Al-8.Cr-7.3W-0.04B,ERBO-NC50_8Cr,"Zenk, C. H. et al. The role of the base element in ? strengthened cobalt/nickel-base superalloys. Proc. Int. Symp. Superalloys 2016-Janua, 971–980 (2016).",25,900,492.5053533,651,38.16,37.5,9,8,7.3,0,0,0,0,0,0,0,0.04,0,0,0,0,0,0,0,0,0,0,0,0
Co-8.7Al-8.Cr-7.9W-0.04B,ERBO-NC100_8Cr,"Zenk, C. H. et al. The role of the base element in ? strengthened cobalt/nickel-base superalloys. Proc. Int. Symp. Superalloys 2016-Janua, 971–980 (2016).",25,900,474.1511165,653,75.36,0,8.7,8,7.9,0,0,0,0,0,0,0,0.04,0,0,0,0,0,0,0,0,0,0,0,0
Co-9.4Al-7.5W-0.04B,ERBO-NC100_0Cr,"Zenk, C. H. et al. The role of the base element in ? strengthened cobalt/nickel-base superalloys. Proc. Int. Symp. Superalloys 2016-Janua, 971–980 (2016).",25,900,439.4820027,650,83.03,0,9.4,0,7.53,0,0,0,0,0,0,0,0.04,0,0,0,0,0,0,0,0,0,0,0,0
Co-18.8Ni-9.2Al-8.Cr-7.6W-0.04B,ERBO-NC75_8Cr,"Zenk, C. H. et al. The role of the base element in ? strengthened cobalt/nickel-base superalloys. Proc. Int. Symp. Superalloys 2016-Janua, 971–980 (2016).",25,900,431.3245641,652,56.41,18.75,9.2,8,7.6,0,0,0,0,0,0,0,0.04,0,0,0,0,0,0,0,0,0,0,0,0
Co-41.5Ni-9.6Al-7.4W-0.04B,ERBO-NC50_0Cr,"Zenk, C. H. et al. The role of the base element in ? strengthened cobalt/nickel-base superalloys. Proc. Int. Symp. Superalloys 2016-Janua, 971–980 (2016).",25,900,424.1868053,648,41.48,41.5,9.6,0,7.38,0,0,0,0,0,0,0,0.04,0,0,0,0,0,0,0,0,0,0,0,0
Co-20.8Ni-9.2Al-7.4W-0.04B,ERBO-NC75_0Cr,"Zenk, C. H. et al. The role of the base element in ? strengthened cobalt/nickel-base superalloys. Proc. Int. Symp. Superalloys 2016-Janua, 971–980 (2016).",25,900,406.8522484,649,62.6,20.75,9.2,0,7.41,0,0,0,0,0,0,0,0.04,0,0,0,0,0,0,0,0,0,0,0,0
Co-30.Ni-4.Al-12.Cr-2.W-4.9Ti-1.Ta-1.5Mo-0.4Si-0.1Hf-0.07C-0.01Zr-0.09B,4Al-4.9Ti,"Zhang, Y. Y. Y. Y., Fu, H., Zhou, X., Zhang, Y. Y. Y. Y. & Xie, J. Enhanced mechanical properties of wrought ??-strengthened Co-base superalloys by adjusting the relative content of Al and Ti. Intermetallics 112, 106543 (2019).",25,900,522.0760681,671,43.92,30,4,12,2,4.9,1,0,0,1.5,0.07,0.01,0.09,0,0,0.41,0,0,0.1,0,0,0,0,0,0
Co-30.Ni-5.5Al-12.Cr-2.W-4.2Ti-1.Ta-1.5Mo-0.4Si-0.1Hf-0.07C-0.01Zr-0.09B,5.5Al-4.2Ti,"Zhang, Y. Y. Y. Y., Fu, H., Zhou, X., Zhang, Y. Y. Y. Y. & Xie, J. Enhanced mechanical properties of wrought ??-strengthened Co-base superalloys by adjusting the relative content of Al and Ti. Intermetallics 112, 106543 (2019).",25,900,517.9973488,672,43.135,30,5.5,12,2,4.2,1,0,0,1.5,0.071,0.009,0.085,0,0,0.39,0,0,0.11,0,0,0,0,0,0
Co-30.Ni-6.Al-12.Cr-2.W-3.5Ti-1.Ta-1.5Mo-0.4Si-0.1Hf-0.09C-0.01Zr-0.08B,6Al-3.5Ti,"Zhang, Y. Y. Y. Y., Fu, H., Zhou, X., Zhang, Y. Y. Y. Y. & Xie, J. Enhanced mechanical properties of wrought ??-strengthened Co-base superalloys by adjusting the relative content of Al and Ti. Intermetallics 112, 106543 (2019).",25,900,496.5840726,673,43.322,30,6,12,2,3.5,1,0,0,1.5,0.085,0.009,0.084,0,0,0.39,0,0,0.11,0,0,0,0,0,0
Co-30.Ni-7.Al-12.Cr-2.W-3.5Ti-1.Ta-1.5Mo-0.4Si-0.1Hf-0.08C-0.01Zr-0.09B,7Al-3.5Ti,"Zhang, Y. Y. Y. Y., Fu, H., Zhou, X., Zhang, Y. Y. Y. Y. & Xie, J. Enhanced mechanical properties of wrought ??-strengthened Co-base superalloys by adjusting the relative content of Al and Ti. Intermetallics 112, 106543 (2019).",25,900,481.2888753,674,42.326,30,7,12,2,3.5,1,0,0,1.5,0.08,0.009,0.085,0,0,0.39,0,0,0.11,0,0,0,0,0,0
Co-6.Al-3.W,6Al3W,"Zhang, Y. Y. Y., Fu, H., Zhou, X., Zhang, Y. Y. Y. & Xie, J. Effects of aluminum and molybdenum content on the microstructure and properties of multi-component ??-strengthened cobalt-base superalloys. Mater. Sci. Eng. A 737, 265–273 (2018).",25,750,535.3319058,675,91,0,6,0,3,0,0,0,0,0,0,0,0,0,0,0,0,0,0,0,0,0,0,0,0
Co-6.Al-2.W-1.Mo,6Al2W1Mo,"Zhang, Y. Y. Y., Fu, H., Zhou, X., Zhang, Y. Y. Y. & Xie, J. Effects of aluminum and molybdenum content on the microstructure and properties of multi-component ??-strengthened cobalt-base superalloys. Mater. Sci. Eng. A 737, 265–273 (2018).",25,750,521.0563883,676,91,0,6,0,2,0,0,0,0,1,0,0,0,0,0,0,0,0,0,0,0,0,0,0,0
Co-8.Al-3.W,8Al3W,"Zhang, Y. Y. Y., Fu, H., Zhou, X., Zhang, Y. Y. Y. & Xie, J. Effects of aluminum and molybdenum content on the microstructure and properties of multi-component ??-strengthened cobalt-base superalloys. Mater. Sci. Eng. A 737, 265–273 (2018).",25,750,487.4069542,677,89,0,8,0,3,0,0,0,0,0,0,0,0,0,0,0,0,0,0,0,0,0,0,0,0
Co-8.Al-1.W-2.Mo,8Al1W2Mo,"Zhang, Y. Y. Y., Fu, H., Zhou, X., Zhang, Y. Y. Y. & Xie, J. Effects of aluminum and molybdenum content on the microstructure and properties of multi-component ??-strengthened cobalt-base superalloys. Mater. Sci. Eng. A 737, 265–273 (2018).",25,750,476.1904762,679,89,0,8,0,1,0,0,0,0,2,0,0,0,0,0,0,0,0,0,0,0,0,0,0,0
Co-8.Al-2.W-1.Mo,8Al2W1Mo,"Zhang, Y. Y. Y., Fu, H., Zhou, X., Zhang, Y. Y. Y. & Xie, J. Effects of aluminum and molybdenum content on the microstructure and properties of multi-component ??-strengthened cobalt-base superalloys. Mater. Sci. Eng. A 737, 265–273 (2018).",25,750,474.1511165,678,89,0,8,0,2,0,0,0,0,1,0,0,0,0,0,0,0,0,0,0,0,0,0,0,0
Co-8.Al-14.Cr-2.W,8Al2W14Cr,"Zhuang, X., Lu, S., Li, L. & Feng, Q. Microstructures and properties of a novel ??-strengthened multi-component CoNi-based wrought superalloy designed by CALPHAD method. Mater. Sci. Eng. A 780, (2020).",25,750,415,745,76,0,8,14,2,0,0,0,0,0,0,0,0,0,0,0,0,0,0,0,0,0,0,0,0
Co-32.Ni-11.Al-5.Cr-2.W-2.Ti-3.Ta-0.5Nb-0.5Mo,9CoNi-1,"Zou, M., Li, W., Li, L., Zhao, J.-C. & Feng, Q. Machine Learning Assisted Design Approach for Developing ??-Strengthened Co-Ni-Base Superalloys. in 937–947 (2020). doi:10.1007/978-3-030-51834-9_92.",25,1000,320,783,44,32,11,5,2,2,3,0.5,0,0.5,0,0,0,0,0,0,0,0,0,0,0,0,0,0,0
Co-30.Ni-11.Al-5.Cr-4.W-4.Ti-1.Ta,7CoNi-1,"Zou, M., Li, W., Li, L., Zhao, J.-C. & Feng, Q. Machine Learning Assisted Design Approach for Developing ??-Strengthened Co-Ni-Base Superalloys. in 937–947 (2020). doi:10.1007/978-3-030-51834-9_92.",25,1000,319,211,45,30,11,5,4,4,1,0,0,0,0,0,0,0,0,0,0,0,0,0,0,0,0,0,0
Co-28.8Ni-10.Al-10.2Cr-2.1Ti-2.1Ta-1.5Nb-2.2Mo,MCoHEA,"Cao, B. X., Kong, H. J., Ding, Z. Y., Wu, S. W., Luan, J. H., Jiao, Z. B., Lu, J., Liu, C. T., & Yang, T. (2021). A novel L12-strengthened multicomponent Co-rich high-entropy alloy with both high ??-solvus temperature and superior high-temperature strength. Scripta Materialia, 199. https://doi.org/10.1016/j.scriptamat.2021.113826",25,800,407,815,43.1,28.8,10,10.2,0,2.1,2.1,1.5,0,2.2,0,0,0,0,0,0,0,0,0,0,0,0,0,0,0
Co-31.0Ni-10.1Al-2.1Ta-5.1Mo,0Ti,"Mukhopadhyay, S., Pandey, P., Baler, N., Biswas, K., Makineni, S. K., & Chattopadhyay, K. (2021). The role of Ti addition on the evolution and stability of ?/?? microstructure in a Co-30Ni-10Al-5Mo-2Ta alloy. Acta Materialia, 208, 116736. https://doi.org/10.1016/j.actamat.2021.116736",25,900,320,845,51.7,31,10.1,0,0,0,2.1,0,0,5.1,0,0,0,0,0,0,0,0,0,0,0,0,0,0,0
Co-32.0Ni-9.9Al-1.4Ti-1.7Ta-4.6Mo,2Ti,"Mukhopadhyay, S., Pandey, P., Baler, N., Biswas, K., Makineni, S. K., & Chattopadhyay, K. (2021). The role of Ti addition on the evolution and stability of ?/?? microstructure in a Co-30Ni-10Al-5Mo-2Ta alloy. Acta Materialia, 208, 116736. https://doi.org/10.1016/j.actamat.2021.116737",25,900,340,846,50.4,32,9.9,0,0,1.4,1.7,0,0,4.6,0,0,0,0,0,0,0,0,0,0,0,0,0,0,0
Co-30.6Ni-9.2Al-3.2Ti-2.1Ta-5.1Mo,3Ti,"Mukhopadhyay, S., Pandey, P., Baler, N., Biswas, K., Makineni, S. K., & Chattopadhyay, K. (2021). The role of Ti addition on the evolution and stability of ?/?? microstructure in a Co-30Ni-10Al-5Mo-2Ta alloy. Acta Materialia, 208, 116736. https://doi.org/10.1016/j.actamat.2021.116738",25,900,320,847,49.8,30.6,9.2,0,0,3.2,2.1,0,0,5.1,0,0,0,0,0,0,0,0,0,0,0,0,0,0,0
Co-30.5Ni-9.3Al-3.9Ti-2.2Ta-5.0Mo,4Ti,"Mukhopadhyay, S., Pandey, P., Baler, N., Biswas, K., Makineni, S. K., & Chattopadhyay, K. (2021). The role of Ti addition on the evolution and stability of ?/?? microstructure in a Co-30Ni-10Al-5Mo-2Ta alloy. Acta Materialia, 208, 116736. https://doi.org/10.1016/j.actamat.2021.116739",25,900,300,848,49.1,30.5,9.3,0,0,3.9,2.2,0,0,5,0,0,0,0,0,0,0,0,0,0,0,0,0,0,0
Co-30.5Ni-9.5Al-1.0Ti-2.0Nb-4.9Mo,2Nb1Ti,"Pandey, P., Shankar Prasad, A., Baler, N., & Chattopadhyay, K. (2021). On the effect of Ti addition on microstructural evolution, precipitate coarsening kinetics and mechanical properties in a Co–30Ni–10Al–5Mo–2Nb alloy. Materialia, 16. https://doi.org/10.1016/j.mtla.2021.101073",25,900,365,853,52.1,30.5,9.5,0,0,1,0,2,0,4.9,0,0,0,0,0,0,0,0,0,0,0,0,0,0,0
Co-30.6Ni-9.3Al-1.9Ti-2.1Nb-5.2Mo,2Nb2Ti,"Pandey, P., Shankar Prasad, A., Baler, N., & Chattopadhyay, K. (2021). On the effect of Ti addition on microstructural evolution, precipitate coarsening kinetics and mechanical properties in a Co–30Ni–10Al–5Mo–2Nb alloy. Materialia, 16. https://doi.org/10.1016/j.mtla.2021.101074",25,900,355,854,50.9,30.6,9.3,0,0,1.9,0,2.1,0,5.2,0,0,0,0,0,0,0,0,0,0,0,0,0,0,0
Co-30.7Ni-9.5Al-3.0Ti-1.9Nb-4.9Mo,2Nb3Ti,"Pandey, P., Shankar Prasad, A., Baler, N., & Chattopadhyay, K. (2021). On the effect of Ti addition on microstructural evolution, precipitate coarsening kinetics and mechanical properties in a Co–30Ni–10Al–5Mo–2Nb alloy. Materialia, 16. https://doi.org/10.1016/j.mtla.2021.101075",25,900,340,855,50,30.7,9.5,0,0,3,0,1.9,0,4.9,0,0,0,0,0,0,0,0,0,0,0,0,0,0,0
Co-30.3Ni-9.4Al-3.9Ti-1.8Nb-4.7Mo,2Nb4Ti,"Pandey, P., Shankar Prasad, A., Baler, N., & Chattopadhyay, K. (2021). On the effect of Ti addition on microstructural evolution, precipitate coarsening kinetics and mechanical properties in a Co–30Ni–10Al–5Mo–2Nb alloy. Materialia, 16. https://doi.org/10.1016/j.mtla.2021.101076",25,900,325,856,49.9,30.3,9.4,0,0,3.9,0,1.8,0,4.7,0,0,0,0,0,0,0,0,0,0,0,0,0,0,0
Co-30.3Ni-9.5Al-8.5Cr-2.0Ti-2.0Nb,10Al8Cr2Ti,"Pandey, P., Mazumder, N., Singh, M. P., Patil, C., Sharma, A., Makineni, S. K., Banerjee, D., & Chattopadhyay, K. (2021). Design of low mass density ?/?? CoNi-based superalloys with promising high-temperature mechanical properties. Physical Review Materials, 5(9). https://doi.org/10.1103/PhysRevMaterials.5.093607",25,900,343,859,47.7,30.3,9.5,8.5,0,2,0,2,0,0,0,0,0,0,0,0,0,0,0,0,0,0,0,0,0
Co-29.9Ni-10.Al-11.9Cr-2.2Ti-1.9Nb,10Al12Cr2Ti,"Pandey, P., Mazumder, N., Singh, M. P., Patil, C., Sharma, A., Makineni, S. K., Banerjee, D., & Chattopadhyay, K. (2021). Design of low mass density ?/?? CoNi-based superalloys with promising high-temperature mechanical properties. Physical Review Materials, 5(9). https://doi.org/10.1103/PhysRevMaterials.5.093608",25,900,338,860,44.1,29.9,10,11.9,0,2.2,0,1.9,0,0,0,0,0,0,0,0,0,0,0,0,0,0,0,0,0
Co-30.2Ni-9.4Al-8.8Cr-4.4Ti-2.0Nb,10Al8Cr4Ti,"Pandey, P., Mazumder, N., Singh, M. P., Patil, C., Sharma, A., Makineni, S. K., Banerjee, D., & Chattopadhyay, K. (2021). Design of low mass density ?/?? CoNi-based superalloys with promising high-temperature mechanical properties. Physical Review Materials, 5(9). https://doi.org/10.1103/PhysRevMaterials.5.093609",25,900,350,862,45.2,30.2,9.4,8.8,0,4.4,0,2,0,0,0,0,0,0,0,0,0,0,0,0,0,0,0,0,0
Co-29.8Ni-9.4Al-12.8Cr-3.7Ti-2.0Nb,10Al12Cr4Ti,"Pandey, P., Mazumder, N., Singh, M. P., Patil, C., Sharma, A., Makineni, S. K., Banerjee, D., & Chattopadhyay, K. (2021). Design of low mass density ?/?? CoNi-based superalloys with promising high-temperature mechanical properties. Physical Review Materials, 5(9). https://doi.org/10.1103/PhysRevMaterials.5.093610",25,900,348,863,42.3,29.8,9.4,12.8,0,3.7,0,2,0,0,0,0,0,0,0,0,0,0,0,0,0,0,0,0,0
Co-20.4Ni-9.8Al-7.4W-2.7Ti-0.40C-0.10B,Aliakbari alloy,"Aliakbari-Sani, S., Vafaeenezhad, H., Arabi, H., & Ebrahimi, G. R. (2022). Quantitative kinetic analysis of ?? precipitate evolution in a Co–Al–W superalloy during aging heat treatment. Journal of Materials Research and Technology, 21, 3425–3439. https://doi.org/10.1016/j.jmrt.2022.10.165",25,900,423,4430,59.2,20.4,9.8,0,7.4,2.7,0,0,0,0,0.4,0,0.1,0,0,0,0,0,0,0,0,0,0,0,0
Co-20.4Ni-9.8Al-7.4W-2.7Ti-0.40C-0.10B,Aliakbari alloy,"Aliakbari-Sani, S., Vafaeenezhad, H., Arabi, H., & Ebrahimi, G. R. (2022). Quantitative kinetic analysis of ?? precipitate evolution in a Co–Al–W superalloy during aging heat treatment. Journal of Materials Research and Technology, 21, 3425–3439. https://doi.org/10.1016/j.jmrt.2022.10.166",25,840,442,4430,59.2,20.4,9.8,0,7.4,2.7,0,0,0,0,0.4,0,0.1,0,0,0,0,0,0,0,0,0,0,0,0
Co-20.4Ni-9.8Al-7.4W-2.7Ti-0.40C-0.10B,Aliakbari alloy,"Aliakbari-Sani, S., Vafaeenezhad, H., Arabi, H., & Ebrahimi, G. R. (2022). Quantitative kinetic analysis of ?? precipitate evolution in a Co–Al–W superalloy during aging heat treatment. Journal of Materials Research and Technology, 21, 3425–3439. https://doi.org/10.1016/j.jmrt.2022.10.167",25,780,427,4430,59.2,20.4,9.8,0,7.4,2.7,0,0,0,0,0.4,0,0.1,0,0,0,0,0,0,0,0,0,0,0,0
Co-20.4Ni-9.8Al-7.4W-2.7Ti-0.40C-0.10B,Aliakbari alloy,"Aliakbari-Sani, S., Vafaeenezhad, H., Arabi, H., & Ebrahimi, G. R. (2022). Quantitative kinetic analysis of ?? precipitate evolution in a Co–Al–W superalloy during aging heat treatment. Journal of Materials Research and Technology, 21, 3425–3439. https://doi.org/10.1016/j.jmrt.2022.10.168",25,720,408,4430,59.2,20.4,9.8,0,7.4,2.7,0,0,0,0,0.4,0,0.1,0,0,0,0,0,0,0,0,0,0,0,0
Co-29.6Ni-10.5Al-3.0Nb,30Ni,"Cao, B. X., Xu, W. W., Yu, C. Y., Wu, S. W., Kong, H. J., Ding, Z. Y., Zhang, T. L., Luan, J. H., Xiao, B., Jiao, Z. B., Liu, Y., Yang, T., & Liu, C. T. (2022). L12-strengthened multicomponent Co-Al-Nb-based alloys with high strength and matrix-confined stacking-fault-mediated plasticity. Acta Materialia, 229. https://doi.org/10.1016/j.actamat.2022.117763",25,800,324,905,56.9,29.6,10.5,0,0,0,0,3,0,0,0,0,0,0,0,0,0,0,0,0,0,0,0,0,0
Co-28.9Ni-10.3Al-2.1Ti-3.1Nb,30Ni2Ti,"Cao, B. X., Xu, W. W., Yu, C. Y., Wu, S. W., Kong, H. J., Ding, Z. Y., Zhang, T. L., Luan, J. H., Xiao, B., Jiao, Z. B., Liu, Y., Yang, T., & Liu, C. T. (2022). L12-strengthened multicomponent Co-Al-Nb-based alloys with high strength and matrix-confined stacking-fault-mediated plasticity. Acta Materialia, 229. https://doi.org/10.1016/j.actamat.2022.117764",25,800,398,906,55.6,28.9,10.3,0,0,2.1,0,3.1,0,0,0,0,0,0,0,0,0,0,0,0,0,0,0,0,0
Co-29.0Ni-10.1Al-2.2Ta-3.2Nb,30Ni2Ta,"Cao, B. X., Xu, W. W., Yu, C. Y., Wu, S. W., Kong, H. J., Ding, Z. Y., Zhang, T. L., Luan, J. H., Xiao, B., Jiao, Z. B., Liu, Y., Yang, T., & Liu, C. T. (2022). L12-strengthened multicomponent Co-Al-Nb-based alloys with high strength and matrix-confined stacking-fault-mediated plasticity. Acta Materialia, 229. https://doi.org/10.1016/j.actamat.2022.117765",25,800,456,907,55.5,29,10.1,0,0,0,2.2,3.2,0,0,0,0,0,0,0,0,0,0,0,0,0,0,0,0,0
Co-29.2Ni-9.8Al-2.2Ti-2.0Ta-3.2Nb,30Ni2Ti2Ta,"Cao, B. X., Xu, W. W., Yu, C. Y., Wu, S. W., Kong, H. J., Ding, Z. Y., Zhang, T. L., Luan, J. H., Xiao, B., Jiao, Z. B., Liu, Y., Yang, T., & Liu, C. T. (2022). L12-strengthened multicomponent Co-Al-Nb-based alloys with high strength and matrix-confined stacking-fault-mediated plasticity. Acta Materialia, 229. https://doi.org/10.1016/j.actamat.2022.117766",25,800,500,908,53.6,29.2,9.8,0,0,2.2,2,3.2,0,0,0,0,0,0,0,0,0,0,0,0,0,0,0,0,0
Co-10.Al-3.0Nb,Co-10Al-3Nb,"Cao, B. X., Xu, W. W., Yu, C. Y., Wu, S. W., Kong, H. J., Ding, Z. Y., Zhang, T. L., Luan, J. H., Xiao, B., Jiao, Z. B., Liu, Y., Yang, T., & Liu, C. T. (2022). L12-strengthened multicomponent Co-Al-Nb-based alloys with high strength and matrix-confined stacking-fault-mediated plasticity. Acta Materialia, 229. https://doi.org/10.1016/j.actamat.2022.117767",25,700,432,909,87,0,10,0,0,0,0,3,0,0,0,0,0,0,0,0,0,0,0,0,0,0,0,0,0
Co-13.7Al-7.7W,Ternary T1,"Casas, R., Galvez, F., & Campos, M. (2022). Microstructure stability and hardening determination through heat treatment of sintered Co ?/?? based alloys. Powder Metallurgy, 65(3), 242–252. https://doi.org/10.1080/00325899.2021.1994116",25,900,522,194,78.63,0,13.66,0,7.71,0,0,0,0,0,0,0,0,0,0,0,0,0,0,0,0,0,0,0,0
Co-11.7Al-9.0W-2.1Ti-1.7Ta,Quinary T2,"Casas, R., Galvez, F., & Campos, M. (2022). Microstructure stability and hardening determination through heat treatment of sintered Co ?/?? based alloys. Powder Metallurgy, 65(3), 242–252. https://doi.org/10.1080/00325899.2021.1994116",25,900,660,911,75.49,0,11.65,0,9.03,2.14,1.69,0,0,0,0,0,0,0,0,0,0,0,0,0,0,0,0,0,0
Co-30.0Ni-10.Al-2.0Ti-4.0Ta-5.0V,Co-30Ni-10Al-5V-4Ta-2Ti,"Chen, Y., Wang, C., Ruan, J., Omori, T., Kainuma, R., Ishida, K., & Liu, X. (2019). High-strength Co–Al–V-base superalloys strengthened by ??-Co 3 (Al,V) with high solvus temperature. Acta Materialia, 170, 62–74. https://doi.org/10.1016/j.actamat.2019.03.026",25,700,380,928,49,30,10,0,0,2,4,0,5,0,0,0,0,0,0,0,0,0,0,0,0,0,0,0,0
Co-10.Al-9.0W-1.00C,Co–10Al–9W–1C,"Kamali, H., Field, R. D., Clarke, A. J., Nedjad, S. H., & Kaufman, M. J. (2021). Development of the ?? Stability in Co–Al–W Alloys at 800 °C by Alloying with Carbon. Metallurgical and Materials Transactions A: Physical Metallurgy and Materials Science, 52(12), 5314–5328. https://doi.org/10.1007/s11661-021-06470-8",25,800,568,946,80,0,10,0,9,0,0,0,0,0,1,0,0,0,0,0,0,0,0,0,0,0,0,0,0
Co-7.Al-5.0W-1.00C,Co–7Al–5W–1C,"Kamali, H., Field, R. D., Clarke, A. J., Nedjad, S. H., & Kaufman, M. J. (2021). Development of the ?? Stability in Co–Al–W Alloys at 800 °C by Alloying with Carbon. Metallurgical and Materials Transactions A: Physical Metallurgy and Materials Science, 52(12), 5314–5328. https://doi.org/10.1007/s11661-021-06470-8",25,800,323,947,87,0,7,0,5,0,0,0,0,0,1,0,0,0,0,0,0,0,0,0,0,0,0,0,0
Co-7.Al-5.0W,Co–7Al–5W,"Kamali, H., Field, R. D., Clarke, A. J., Nedjad, S. H., & Kaufman, M. J. (2021). Development of the ?? Stability in Co–Al–W Alloys at 800 °C by Alloying with Carbon. Metallurgical and Materials Transactions A: Physical Metallurgy and Materials Science, 52(12), 5314–5328. https://doi.org/10.1007/s11661-021-06470-8",25,800,249,948,88,0,7,0,5,0,0,0,0,0,0,0,0,0,0,0,0,0,0,0,0,0,0,0,0
Co-29.3Ni-4.7Al-15.5Cr-5.3Ti,Co-30Ni-15Cr-5Al-5Ti,"Liang, Z., Neumeier, S., Rao, Z., Göken, M., & Pyczak, F. (2022). CALPHAD informed design of multicomponent CoNiCr-based superalloys exhibiting large lattice misfit and high yield stress. Materials Science and Engineering A, 854. https://doi.org/10.1016/j.msea.2022.143798",25,900,370,959,45.2,29.3,4.7,15.5,0,5.3,0,0,0,0,0,0,0,0,0,0,0,0,0,0,0,0,0,0,0
Co-29.3Ni-6.4Al-15.2Cr-5.1Ti-2.1Ta,Co-30Ni-15Cr-5Al-5Ti-2Ta,"Liang, Z., Neumeier, S., Rao, Z., Göken, M., & Pyczak, F. (2022). CALPHAD informed design of multicomponent CoNiCr-based superalloys exhibiting large lattice misfit and high yield stress. Materials Science and Engineering A, 854. https://doi.org/10.1016/j.msea.2022.143798",25,900,430,960,41.9,29.3,6.4,15.2,0,5.1,2.1,0,0,0,0,0,0,0,0,0,0,0,0,0,0,0,0,0,0
Co-29.3Ni-4.7Al-15.5Cr-5.3Ti,Co-30Ni-15Cr-5Al-5Ti,"Liang, Z., Neumeier, S., Rao, Z., Göken, M., & Pyczak, F. (2022). CALPHAD informed design of multicomponent CoNiCr-based superalloys exhibiting large lattice misfit and high yield stress. Materials Science and Engineering A, 854. https://doi.org/10.1016/j.msea.2022.143798",25,750,420,959,45.2,29.3,4.7,15.5,0,5.3,0,0,0,0,0,0,0,0,0,0,0,0,0,0,0,0,0,0,0
Co-29.3Ni-6.4Al-15.2Cr-5.1Ti-2.1Ta,Co-30Ni-15Cr-5Al-5Ti-2Ta,"Liang, Z., Neumeier, S., Rao, Z., Göken, M., & Pyczak, F. (2022). CALPHAD informed design of multicomponent CoNiCr-based superalloys exhibiting large lattice misfit and high yield stress. Materials Science and Engineering A, 854. https://doi.org/10.1016/j.msea.2022.143798",25,750,500,960,41.9,29.3,6.4,15.2,0,5.1,2.1,0,0,0,0,0,0,0,0,0,0,0,0,0,0,0,0,0,0
Co-34.0Ni-4.5Al-15.6Cr-5.5Ti,CoNi-baseline,"Liang, Z., Paul, J. D. H., Stark, A., Bezold, A., Neumeier, S., Göken, M., & Pyczak, F. (2022). High-Temperature CoNi-Based Superalloys Strengthened by ??-(Ni,Co)3(Cr,Al,Ti,X): The Effect of Refractory Elements. Metallurgical and Materials Transactions A: Physical Metallurgy and Materials Science. https://doi.org/10.1007/s11661-022-06795-y",25,900,343,961,40.4,34,4.5,15.6,0,5.5,0,0,0,0,0,0,0,0,0,0,0,0,0,0,0,0,0,0,0
Co-34.3Ni-4.7Al-15.6Cr-5.1Ti-1.9Ta,CoNi-2Ta,"Liang, Z., Paul, J. D. H., Stark, A., Bezold, A., Neumeier, S., Göken, M., & Pyczak, F. (2022). High-Temperature CoNi-Based Superalloys Strengthened by ??-(Ni,Co)3(Cr,Al,Ti,X): The Effect of Refractory Elements. Metallurgical and Materials Transactions A: Physical Metallurgy and Materials Science. https://doi.org/10.1007/s11661-022-06795-y",25,900,422,962,38.4,34.3,4.7,15.6,0,5.1,1.9,0,0,0,0,0,0,0,0,0,0,0,0,0,0,0,0,0,0
Co-34.7Ni-4.5Al-15.5Cr-4.9Ti-1.8Nb,CoNi-2Nb,"Liang, Z., Paul, J. D. H., Stark, A., Bezold, A., Neumeier, S., Göken, M., & Pyczak, F. (2022). High-Temperature CoNi-Based Superalloys Strengthened by ??-(Ni,Co)3(Cr,Al,Ti,X): The Effect of Refractory Elements. Metallurgical and Materials Transactions A: Physical Metallurgy and Materials Science. https://doi.org/10.1007/s11661-022-06795-y",25,900,391,963,38.6,34.7,4.5,15.5,0,4.9,0,1.8,0,0,0,0,0,0,0,0,0,0,0,0,0,0,0,0,0
Co-34.6Ni-4.4Al-15.4Cr-0.9W-5.2Ti-2.0Mo,CoNi-3W,"Liang, Z., Paul, J. D. H., Stark, A., Bezold, A., Neumeier, S., Göken, M., & Pyczak, F. (2022). High-Temperature CoNi-Based Superalloys Strengthened by ??-(Ni,Co)3(Cr,Al,Ti,X): The Effect of Refractory Elements. Metallurgical and Materials Transactions A: Physical Metallurgy and Materials Science. https://doi.org/10.1007/s11661-022-06795-y",25,900,395,964,37.5,34.6,4.4,15.4,0.9,5.2,0,0,0,2,0,0,0,0,0,0,0,0,0,0,0,0,0,0,0
Co-34.8Ni-4.7Al-15.3Cr-3.1W-5.1Ti,CoNi-2Mo1W,"Liang, Z., Paul, J. D. H., Stark, A., Bezold, A., Neumeier, S., Göken, M., & Pyczak, F. (2022). High-Temperature CoNi-Based Superalloys Strengthened by ??-(Ni,Co)3(Cr,Al,Ti,X): The Effect of Refractory Elements. Metallurgical and Materials Transactions A: Physical Metallurgy and Materials Science. https://doi.org/10.1007/s11661-022-06795-y",25,900,349,965,37,34.8,4.7,15.3,3.1,5.1,0,0,0,0,0,0,0,0,0,0,0,0,0,0,0,0,0,0,0
Co-36.4Ni-4.7Al-15.2Cr-1.2W-5.2Ti-1.0Ta-2.1Mo,CoNi-2Mo1W2Ti,"Liang, Z., Paul, J. D. H., Stark, A., Bezold, A., Neumeier, S., Göken, M., & Pyczak, F. (2022). High-Temperature CoNi-Based Superalloys Strengthened by ??-(Ni,Co)3(Cr,Al,Ti,X): The Effect of Refractory Elements. Metallurgical and Materials Transactions A: Physical Metallurgy and Materials Science. https://doi.org/10.1007/s11661-022-06795-y",25,900,359,966,34.2,36.4,4.7,15.2,1.2,5.2,1,0,0,2.1,0,0,0,0,0,0,0,0,0,0,0,0,0,0,0
Co-34.4Ni-4.5Al-15.7Cr-1.1W-7.4Ti-1.8Mo,CoNi-2Mo1W1Ta,"Liang, Z., Paul, J. D. H., Stark, A., Bezold, A., Neumeier, S., Göken, M., & Pyczak, F. (2022). High-Temperature CoNi-Based Superalloys Strengthened by ??-(Ni,Co)3(Cr,Al,Ti,X): The Effect of Refractory Elements. Metallurgical and Materials Transactions A: Physical Metallurgy and Materials Science. https://doi.org/10.1007/s11661-022-06795-y",25,900,383,967,35.1,34.4,4.5,15.7,1.1,7.4,0,0,0,1.8,0,0,0,0,0,0,0,0,0,0,0,0,0,0,0
Co-30.0Ni-11.7Al-5.5W-4.1Ti-2.5Ta-0.08B,L26,"Long, F. R., Baik, S. I., Chung, D. W., Xue, F., Lass, E. A., Seidman, D. N., & Dunand, D. C. (2020). Microstructure and creep performance of a multicomponent co-based L12–ordered intermetallic alloy. Acta Materialia, 196, 396–408. https://doi.org/10.1016/j.actamat.2020.06.050",25,900,244.7,1001,46.15,29.99,11.74,0,5.48,4.06,2.5,0,0,0,0,0,0.08,0,0,0,0,0,0,0,0,0,0,0,0
Co-9.8Al-2.0Nb-5.3V,0Mo5V,"Singh, M. P., Makineni, S. K., & Chattopadhyay, K. (2020). Achieving lower mass density with high strength in Nb stabilised ?/?? Co–Al–Mo–Nb base superalloy by the replacement of Mo with V. Materials Science and Engineering A, 794. https://doi.org/10.1016/j.msea.2020.139830",25,800,265,1022,82.9,0,9.8,0,0,0,0,2,5.3,0,0,0,0,0,0,0,0,0,0,0,0,0,0,0,0
Co-8.7Al-10.1W,Co-8.8Al-9.8W,"Xu, Y., Lv, X., Ma, T., Li, H., & Wang, T. (2022). Effect of Ta and Ni on ?? phase morphology and compression behavior of Co-8.8Al-9.8W superalloys. Materials Science and Engineering A, 839. https://doi.org/10.1016/j.msea.2022.142739",25,900,393.4,1039,81.2,0,8.7,0,10.1,0,0,0,0,0,0,0,0,0,0,0,0,0,0,0,0,0,0,0,0
Co-8.6Al-10.1W-2.1Ta,2Ta,"Xu, Y., Lv, X., Ma, T., Li, H., & Wang, T. (2022). Effect of Ta and Ni on ?? phase morphology and compression behavior of Co-8.8Al-9.8W superalloys. Materials Science and Engineering A, 839. https://doi.org/10.1016/j.msea.2022.142739",25,900,474,1040,79.2,0,8.6,0,10.1,0,2.1,0,0,0,0,0,0,0,0,0,0,0,0,0,0,0,0,0,0
Co-2.3Ni-8.8Al-10.5W,2Ni,"Xu, Y., Lv, X., Ma, T., Li, H., & Wang, T. (2022). Effect of Ta and Ni on ?? phase morphology and compression behavior of Co-8.8Al-9.8W superalloys. Materials Science and Engineering A, 839. https://doi.org/10.1016/j.msea.2022.142739",25,900,364.8,1041,78.4,2.3,8.8,0,10.5,0,0,0,0,0,0,0,0,0,0,0,0,0,0,0,0,0,0,0,0
Co-10.0Ni-5.Al-6.0Ti-3.0Nb-3.0V-0.04B,3 (6Ti-0Cr),"Reyes Tirado, F. L., Taylor, S. v., & Dunand, D. C. (2020). Low-density, W-free Co–Nb–V–Al-based superalloys with ?/?’ microstructure. Materials Science and Engineering A, 796. https://doi.org/10.1016/j.msea.2020.139977",25,850,292.6481085,1078,72.96,10,5,0,0,6,0,3,3,0,0,0,0.04,0,0,0,0,0,0,0,0,0,0,0,0
Co-10.0Ni-5.Al-4.0Cr-6.0Ti-3.0Nb-3.0V-0.04B,4 (6Ti-4Cr),"Reyes Tirado, F. L., Taylor, S. v., & Dunand, D. C. (2020). Low-density, W-free Co–Nb–V–Al-based superalloys with ?/?’ microstructure. Materials Science and Engineering A, 796. https://doi.org/10.1016/j.msea.2020.139978",25,850,299.7858672,1079,68.96,10,5,4,0,6,0,3,3,0,0,0,0.04,0,0,0,0,0,0,0,0,0,0,0,0
Co-10.0Ni-5.Al-8.0Cr-2.0Ti-3.0Nb-3.0V-0.04B,6 (2Ti-8Cr),"Reyes Tirado, F. L., Taylor, S. v., & Dunand, D. C. (2020). Low-density, W-free Co–Nb–V–Al-based superalloys with ?/?’ microstructure. Materials Science and Engineering A, 796. https://doi.org/10.1016/j.msea.2020.139980",25,850,344.6517793,1081,68.96,10,5,8,0,2,0,3,3,0,0,0,0.04,0,0,0,0,0,0,0,0,0,0,0,0
